Date,Open,High,Low,Close,Volume,Stoch_%K,Stoch_%D,Williams_%R,A/D Oscillator,Momentum,Disparity Index 7,ROC,positive,negative,neutral,Open_BTC,High_BTC,Low_BTC,Close_BTC,Volume_BTC,Open_ETH,High_ETH,Low_ETH,Close_ETH,Volume_ETH,Open_USDT,High_USDT,Low_USDT,Close_USDT,Volume_USDT,Open_BNB,High_BNB,Low_BNB,Close_BNB,Volume_BNB,Open_SOL,High_SOL,Low_SOL,Close_SOL,Volume_SOL
2022-03-20,0.061704,0.062296,0.060935,0.061549,1089969,79.83288166214997,81.8051791629028,-20.167118337850024,-944987.1352126003,2.850792908109552,100.82444070017785,1.3035535000082312,8,0,0,42191.40625,42241.164063,41004.757813,41247.824219,20127946682,2946.547607,2956.965576,2826.107422,2860.459229,12684727326,1.000505,1.000738,1.000375,1.000427,57837125338,399.919739,400.610718,386.766724,390.768372,1334193471,92.413666,92.435921,88.150459,88.614861,1286133603
2022-03-21,0.061549,0.061684,0.060984,0.061638,638991,81.69398907103827,81.6200680221739,-18.30601092896173,-389977.80949832185,1.9821310390469848,100.61962318887896,1.59886595898991,23,6,2,41246.132813,41454.410156,40668.042969,41077.996094,24615543271,2860.103271,2954.556641,2838.250488,2897.976563,15206116098,1.000417,1.000541,1.000297,1.000347,64828148834,390.738953,398.961731,386.561371,396.447815,1657341491,88.605003,91.011986,87.207642,88.757202,1598537312
2022-03-22,0.061638,0.063756,0.061577,0.063238,1190914,90.92183666316174,84.14956913211667,-9.07816333683826,234719.16250719377,5.766850643920387,102.57440517568983,5.673178149491172,22,6,2,41074.105469,43124.707031,40948.28125,42358.808594,32004652376,2897.77417,3040.382813,2892.544434,2973.131104,16830539230,1.00035,1.000707,1.000304,1.000337,71455738693,396.355591,409.642548,395.575745,404.314941,1795119554,88.741905,93.766808,88.182777,90.51297,1879747152
2022-03-23,0.063239,0.064702,0.063238,0.064222,1426170,92.78412507516543,88.46665026978849,-7.215874924834552,725695.7198842496,8.541779340183888,103.3771167342734,6.257445400397089,18,8,2,42364.378906,42893.507813,41877.507813,42892.957031,25242943069,2973.14502,3036.752197,2933.306641,3031.067139,16008767658,1.00035,1.000701,1.000261,1.000409,68181581345,404.327271,411.029572,398.855865,408.609772,1645651129,90.513931,96.051842,89.811462,95.102684,2099467745
2022-03-24,0.064225,0.065741,0.063845,0.065606,1541641,97.96195652173918,93.8893060866888,-2.038043478260815,2047799.23570704,9.072470032751994,104.46506359002122,9.727379160394706,22,5,5,42886.652344,44131.855469,42726.164063,43960.933594,31042992291,3031.060791,3118.387695,3012.32666,3108.062012,18070503166,1.000453,1.000667,1.000282,1.0006,77842904360,408.55426,416.505402,406.011566,414.126984,1831451218,95.020905,103.455795,94.065506,102.223694,3601646600
2022-03-25,0.065606,0.066481,0.064073,0.064579,1330499,74.17164584464962,88.30590914718475,-25.828354155350382,1276463.4367037108,6.758030120183159,102.15055950250375,9.145146024878311,24,3,5,43964.546875,44999.492188,43706.285156,44348.730469,30574413034,3108.448975,3183.958008,3087.490723,3106.671387,17030503831,1.000604,1.00063,1.000351,1.000406,64320675570,414.148254,421.153717,406.296051,410.811157,1678265707,102.238358,104.582962,97.318245,98.658104,2175497007
2022-03-26,0.064581,0.066015,0.064072,0.066007,771033,93.56328082563822,88.56562773067567,-6.4367191743617935,2041147.22002846,8.368084058446884,103.40391058076844,9.739147783005528,5,1,3,44349.859375,44735.996094,44166.273438,44500.828125,16950455995,3106.405273,3146.825439,3091.825439,3143.178955,8876420740,1.000423,1.00054,1.00033,1.000361,39871932342,410.816254,416.317535,407.981262,415.9198,1082240527,98.666748,103.193573,97.829681,101.764183,1282869612
2022-03-27,0.066007,0.069195,0.066007,0.069088,2211063,98.9380706629614,88.89099911108308,-1.0619293370386045,4103788.801584281,13.51768784607548,106.43473055473638,14.212031541882252,10,0,1,44505.355469,46827.546875,44437.292969,46820.492188,28160889722,3143.795654,3291.577637,3129.997803,3291.577637,13431866834,1.000361,1.000606,1.000268,1.000376,59103680528,415.931366,431.025574,412.382904,430.503265,1499505093,101.773697,107.298714,99.269096,107.084221,1572329892
2022-03-28,0.069087,0.071735,0.068847,0.068906,2411396,76.52476972865323,89.67537373908429,-23.475230271346778,1790919.3694513002,11.758790709744376,104.48308877364909,13.12756526021999,19,2,1,46821.851563,48086.835938,46690.203125,47128.003906,36362175703,3292.32251,3424.019287,3279.0271,3336.634521,20620450770,1.000365,1.000651,1.000226,1.000412,86217871591,430.546814,440.728394,428.565216,430.390869,2128699500,107.077965,113.175949,105.477875,106.465256,2877146388
2022-03-29,0.068905,0.072233,0.068614,0.069169,2680659,75.58371184954969,83.6821840803881,-24.416288150450313,-67542.4794019768,12.09808116167508,103.55150060845592,13.65077800233318,29,7,1,47100.4375,48022.289063,47100.4375,47465.730469,31397059069,3335.02124,3470.186279,3335.02124,3401.987793,19533323636,1.000406,1.000662,1.00028,1.00045,80447404974,430.07489,441.507538,430.07489,434.505676,1987696098,106.327988,115.275719,105.999191,111.710312,3052274877
2022-03-30,0.069168,0.074194,0.067782,0.073162,4713754,92.6010897619731,81.569857113392,-7.398910238026897,3128870.869319184,18.86789387317423,107.47444477321902,18.661606331906064,23,7,2,47456.898438,47655.148438,46746.210938,47062.664063,29333883962,3401.526123,3435.286133,3349.237061,3385.157959,15302506131,1.000428,1.000574,1.000219,1.000278,79713341087,434.429718,448.947174,427.692078,442.684845,2181737151,111.690254,124.605003,107.767258,120.699486,3908170428
2022-03-31,0.073162,0.079317,0.07316,0.073741,7567278,70.7618897802947,79.64889713060583,-29.2381102197053,-3010247.7939908733,19.635614393718164,106.50673060257672,19.507649423051987,22,6,1,47062.148438,47512.027344,45390.539063,45538.675781,33327427106,3385.289307,3435.128418,3272.93457,3281.642822,17685495686,1.000272,1.000734,1.0002,1.000304,90489848043,442.658875,451.96109,424.950287,428.916107,2632534284,120.681557,128.930115,120.19783,122.661461,4115229587
2022-04-01,0.073742,0.074872,0.071619,0.074655,3103260,74.63823305407463,79.33373753211414,-25.361766945925364,-321010.18562935246,18.054018153641792,105.6307708478194,21.293603470405692,15,11,4,45554.164063,46616.242188,44403.140625,46281.644531,38162644287,3282.576172,3467.555908,3223.891357,3449.552246,20982988937,1.000306,1.000639,1.000228,1.000358,92250507858,429.124023,446.796539,414.74939,446.604279,2718206274,122.736107,137.558411,118.78791,134.430939,4434807484
2022-04-02,0.074655,0.076197,0.073102,0.073334,2140077,67.45185507561743,70.95065930332892,-32.54814492438257,-2140248.501299794,14.18828438852729,102.2473633366862,18.97530744021545,6,2,0,46285.5,47028.28125,45782.511719,45868.949219,29336594194,3449.788574,3521.284668,3442.000244,3445.059326,23571556215,1.000369,1.000523,1.000276,1.000344,79916606735,446.844208,453.558472,436.776703,436.955353,2272901729,134.453583,143.02002,132.139191,132.198868,3394186456
2022-04-03,0.073334,0.073475,0.072365,0.073142,1081640,66.31756941035292,69.46921918001499,-33.682430589647076,-1707592.5012997938,11.486754260281074,101.16279299518484,15.66146936968278,6,2,0,45859.128906,47313.476563,45634.105469,46453.566406,25414397610,3444.810547,3573.960205,3421.259766,3522.833496,15333808649,1.000348,1.000681,1.000195,1.000273,67183096448,436.865814,455.228455,432.821716,450.348877,2128734028,132.241074,140.263702,131.226151,136.77533,2585967812
2022-04-04,0.073142,0.073142,0.069076,0.070872,1836048,52.395715896279626,62.05504679408332,-47.604284103720374,-1921632.528845288,9.744653834837962,97.64385179353442,10.354707109713187,13,7,3,46445.273438,46791.089844,45235.816406,46622.675781,32499785455,3522.36499,3535.148193,3422.000977,3521.241211,18209969743,1.000276,1.000451,1.000152,1.000228,79820905659,450.264557,450.432617,434.178009,447.524933,2248856403,136.760788,137.633514,126.865326,132.412628,2828117206
2022-04-05,0.070871,0.071554,0.06947,0.06947,1158842,38.75862926798933,52.490638191540626,-61.24137073201068,-3080474.528845288,5.246413259199794,95.655577761342,5.889705209889349,20,5,4,46624.507813,47106.140625,45544.808594,45555.992188,29640604055,3521.239746,3546.706787,3410.547607,3411.79248,16681503199,1.000222,1.000437,1.000122,1.000194,71594982811,447.630035,459.805573,445.038605,445.172607,2268650039,132.387863,136.182846,126.563972,126.862236,2239922210
2022-04-06,0.06947,0.069475,0.063256,0.063256,3230909,0.0,30.384781721422986,-100.0,-6311383.528845288,-8.441408059286692,88.83022047465244,-2.048653587079377,25,7,6,45544.355469,45544.355469,43193.953125,43206.738281,39393395788,3411.672119,3411.672119,3171.205078,3171.691895,25632563639,1.000199,1.000465,1.000086,1.000155,92098510461,445.001129,445.027649,418.881134,420.146362,2323241738,126.857956,127.281158,112.773682,112.883385,3281009143
2022-04-07,0.063255,0.064595,0.062893,0.064462,2418304,9.553093034583544,16.10390743419096,-90.44690696541646,-4271028.332605555,-6.449365802687705,92.24086297581108,-2.3406608390019104,23,10,2,43207.5,43860.699219,42899.90625,43503.847656,26101973106,3172.197266,3263.474609,3155.581055,3233.274658,16745496605,1.000149,1.000492,1.000093,1.000262,61906251582,420.182648,438.293701,417.601044,436.796783,2125042415,112.935799,119.760712,111.957466,118.796516,2431083313
2022-04-08,0.064462,0.064997,0.062354,0.062386,2177919,0.1886458763190314,3.247246303634192,-99.81135412368096,-6396209.225908624,-9.806416169093088,91.56675515073744,-9.700671607225567,12,13,7,43505.136719,43903.019531,42183.289063,42287.664063,27215995394,3233.272461,3301.607422,3179.142334,3192.073975,17557050669,1.000261,1.000547,1.000173,1.000288,64297486911,436.934509,440.642975,419.433289,421.677246,1951923760,118.816216,122.25412,108.541161,109.80088,2376864565
2022-04-09,0.062388,0.063838,0.062387,0.063827,1338307,8.68360549431112,6.141781468404566,-91.31639450568888,-5078193.57945792,-12.759355949810022,95.58721906656824,-7.370911096276086,6,2,1,42282.078125,42786.816406,42183.253906,42782.136719,16050772496,3191.976074,3261.963135,3187.469238,3261.91626,9908112156,1.000284,1.000581,1.000152,1.000372,40069848333,421.665344,428.020782,420.272552,427.153046,1399108286,109.798759,113.114891,108.634338,112.972794,1202250516
2022-04-10,0.063827,0.064246,0.062387,0.062447,1250991,0.5482520780522478,3.140167816227466,-99.45174792194776,-6248432.067354633,-15.315767347879738,95.71050096339114,-9.718226373086198,6,1,2,42781.089844,43376.378906,42021.207031,42207.671875,17654475582,3261.291504,3303.003174,3211.866943,3211.866943,10427054790,1.000354,1.000568,1.00024,1.000292,43341611560,427.14975,429.364105,418.590668,418.590668,1410282903,112.97271,115.808327,110.077835,111.742439,1280232450
2022-04-11,0.062447,0.06245,0.057949,0.058221,2338105,1.2729314863347128,3.50159635289936,-98.72706851366527,-8303948.949158674,-22.013261000602768,91.77560244016132,-20.42180366857112,16,9,1,42201.039063,42424.589844,39373.058594,39521.902344,33949912166,3209.576904,3214.461914,2962.756592,2981.052246,21891804831,1.000299,1.000607,1.000194,1.000348,73914574528,418.658447,419.490784,392.109924,394.086884,2192782724,111.69899,111.831139,98.670853,99.339104,2272498194
2022-04-12,0.058222,0.060214,0.057992,0.059939,1509135,9.31299138899288,3.7113916511266134,-90.68700861100712,-7168362.216485404,-18.265743038699643,96.55611246887496,-18.716860362620523,18,13,1,39533.714844,40617.585938,39388.328125,40127.183594,30991500854,2981.420654,3077.452637,2957.872314,3030.376465,20235707410,1.000351,1.000552,1.000178,1.000435,68489224153,394.288788,416.635803,393.166809,413.873932,2140526232,99.384674,109.117561,98.935303,103.306389,2317008207
2022-04-13,0.059939,0.061328,0.059543,0.061323,1147581,15.789966304754785,8.79196306002746,-84.21003369524522,-6027210.241695486,-16.15897842552842,99.22700847193168,-17.85814747840064,22,8,1,40123.570313,41430.054688,39712.746094,41166.730469,27691105228,3029.87793,3123.575439,3006.481689,3118.344238,16088473629,1.000442,1.000442,1.000128,1.000275,57894656914,413.812653,424.335938,411.059265,423.130157,1932053164,103.281013,105.676849,100.488457,105.001945,1675840412
2022-04-14,0.061323,0.061729,0.059608,0.060004,1189278,11.261508110477868,12.12148860140851,-88.73849188952214,-6772401.407183463,-15.334687888023485,98.1036886863624,-18.177107480841077,23,7,4,41160.21875,41451.480469,39695.746094,39935.515625,24342001973,3117.821777,3139.928711,2988.435303,3019.909424,15821419931,1.000276,1.000416,1.000054,1.000127,52908937427,423.067017,426.80722,412.047119,414.663727,1615484732,104.940605,107.329636,99.256844,100.707802,1686576071
2022-04-15,0.060004,0.062018,0.06,0.061926,885534,21.79416922402456,16.28188121308574,-78.20583077597544,-5967609.853169583,-10.85936375413848,101.354962858352,-15.334554701812907,17,8,6,39939.402344,40617.722656,39866.832031,40553.464844,21756855753,3020.134521,3044.287354,3001.123291,3040.916504,11256651536,1.00012,1.00044,1.00007,1.000239,42988969647,414.667114,419.796967,413.272614,417.293732,1242920077,100.706528,102.672646,100.100899,101.309776,1050639351
2022-04-16,0.061926,0.062051,0.06118,0.062044,633122,26.37511271415691,19.81026334955311,-73.62488728584309,-5344664.326189101,-1.916023776400665,101.97321462113528,-12.45625917146405,5,0,0,40552.316406,40633.679688,40078.425781,40424.484375,16833150693,3041.123291,3074.886963,3016.421143,3062.310303,8766710365,1.000237,1.000392,1.00013,1.000296,35315439111,417.293884,418.6586,411.912903,417.478455,1022481382,101.298691,103.271721,100.964722,102.257317,774939305
2022-04-17,0.062043,0.062695,0.060096,0.060099,904619,14.15125386691239,20.773511935031287,-85.84874613308762,-6247194.940656202,-6.768328627718664,99.32405632313085,-13.489275946451713,6,1,2,40417.777344,40570.726563,39620.894531,39716.953125,19087633042,3061.881836,3075.775879,2989.043945,2993.40332,10463091281,1.000291,1.000436,1.000144,1.000314,40964576376,417.41153,417.880676,406.168304,407.377716,1088306780,102.248436,105.294556,99.958176,100.409698,1057908299
2022-04-18,0.060099,0.061468,0.059089,0.061425,1532610,25.549430356486575,22.02526564585196,-74.45056964351342,-4769988.244565409,-1.540409707306121,100.75335082950603,-2.8945870747439075,16,15,0,39721.203125,40986.320313,38696.191406,40826.214844,33705182072,2993.483887,3062.520996,2893.912842,3057.606689,18629381299,1.000321,1.000504,1.000153,1.000218,68691204704,407.432922,417.94696,397.149658,416.968414,1925668122,100.407951,102.517029,95.242775,102.158531,1846133932
2022-04-19,0.061425,0.063404,0.061339,0.063299,749970,46.41679680721843,28.7058270102058,-53.583203192781575,-4096286.3801586344,-0.8272361226440234,103.01613503208408,-1.8041636933387284,16,8,2,40828.175781,41672.960938,40618.632813,41502.75,25303206547,3057.570313,3125.084229,3035.535156,3104.106445,14156035096,1.000214,1.000419,1.000155,1.000343,57975539645,417.00766,424.274017,415.099396,422.387054,1854452731,102.202385,108.582031,101.301727,108.582031,1711909607
2022-04-20,0.0633,0.063301,0.062025,0.062715,925011,67.62202043132814,46.52941586501105,-32.37797956867186,-4020893.6340771145,0.4291639310135064,101.7364522886965,0.5273619081204275,19,11,4,41501.746094,42126.300781,40961.097656,41374.378906,27819532341,3103.935059,3157.885742,3045.28833,3077.74585,15547362265,1.000351,1.000596,1.000153,1.000202,66021482830,422.364288,430.975159,415.728394,418.354248,2035166767,108.602196,110.722977,104.772659,105.497002,1761531528
2022-04-21,0.062715,0.073948,0.062642,0.071664,11885764,85.72410775673484,66.58764166509381,-14.275892243265169,3062626.428898307,23.089606842891747,113.1948769326582,12.27850282795684,25,6,3,41371.515625,42893.582031,40063.828125,40527.363281,35372786395,3077.829346,3173.451416,2962.4104,2987.480713,20783591093,1.000203,1.00049,1.000119,1.000157,77014328066,418.316864,425.474121,402.079681,405.021454,2190281843,105.497673,109.765327,100.767151,101.776138,1838571747
2022-04-22,0.071662,0.072063,0.066619,0.066723,7508945,54.8409275579724,69.39568524867846,-45.15907244202759,-4159422.803283893,11.31817347636765,104.26190205125803,6.847406600797479,19,18,0,40525.863281,40777.757813,39315.417969,39740.320313,28011716745,2986.938721,3024.854492,2942.358643,2964.835693,16782795477,1.000142,1.000366,1.000078,1.000234,60728483573,404.96698,413.28125,404.109039,406.987518,1895749713,101.757423,103.498146,99.57943,100.612053,1274793594
2022-04-23,0.066723,0.069036,0.066718,0.067667,2040271,60.74129633102072,67.102110548576,-39.25870366897928,-4529100.896467663,10.345221205746624,104.42622444840298,16.22438638979063,4,2,3,39738.722656,39935.859375,39352.203125,39486.730469,16138021249,2964.802246,2975.322754,2926.740234,2938.114014,9116955609,1.000221,1.000382,1.000104,1.000228,38357597167,406.993347,407.897064,399.278412,401.652466,1354484386,100.619781,102.771233,98.78157,100.744438,823252482
2022-04-24,0.067666,0.067715,0.064886,0.065851,1730090,49.39058691168202,54.99093693355838,-50.60941308831798,-5078889.129058675,9.744350376641563,100.35115294855272,9.863361083768512,7,2,0,39478.375,39845.925781,39233.539063,39469.292969,17964398167,2937.347168,2961.88208,2922.128662,2922.732666,9696829579,1.000218,1.000446,1.000165,1.000344,39519383045,401.525024,405.430573,398.346619,399.105377,1222468479,100.727188,102.216682,99.008514,99.235794,818266008
2022-04-25,0.065851,0.065852,0.061985,0.065272,2325550,45.625470042617174,51.9191177617733,-54.37452995738283,-3450943.99070853,5.403223201886114,98.64267656323202,6.439671901244222,11,10,2,39472.605469,40491.753906,38338.378906,40458.308594,35445730570,2922.990234,3018.415527,2804.50708,3009.393555,22332690614,1.000346,1.000393,1.000103,1.000145,73256647805,399.129913,404.873901,383.190674,404.350281,1910707893,99.241409,101.44059,94.755753,101.247635,1538486689
2022-04-26,0.065271,0.065425,0.061848,0.061853,1787105,18.60152096372566,37.87252597267495,-81.39847903627434,-5233052.890624663,-0.3078460447424467,93.76842196450424,3.0814612359175997,18,10,2,40448.421875,40713.890625,37884.984375,38117.460938,34569088416,3008.946289,3026.415039,2786.253174,2808.29834,19052045399,1.000131,1.000265,1.00004,1.000073,69068297656,404.26886,407.084503,382.080994,385.483063,1671963898,101.224876,101.742485,95.177895,95.78215,1301074534
2022-04-27,0.061852,0.063507,0.061852,0.063065,1673226,26.758193687327505,30.328394897890117,-73.24180631267248,-4453562.107543089,4.935190269388836,95.5333859920579,1.8392920582630787,19,8,4,38120.300781,39397.917969,37997.3125,39241.121094,30981015184,2808.645996,2911.877441,2802.273438,2888.929688,17419284041,1.000059,1.000284,1.000013,1.000153,61043327313,385.562164,394.458527,384.077698,391.445831,1512587369,95.785522,100.54493,95.283501,98.378868,1253566599
2022-04-28,0.063065,0.063903,0.0627,0.063557,1244586,30.06931825829464,25.143010969782605,-69.93068174170536,-3924897.563902192,3.470899470899474,97.99796470391288,2.438591966991168,25,11,5,39241.429688,40269.464844,38941.421875,39773.828125,33903704907,2888.849854,2973.13501,2861.821533,2936.940918,18443524633,1.000155,1.000292,1.000028,1.000191,68392086439,391.43866,408.232452,388.877655,406.718201,2116381172,98.382149,100.40123,96.694527,98.18573,1307131609
2022-04-29,0.063557,0.069633,0.062971,0.06358,6315737,30.22410660205933,29.01720618256049,-69.77589339794066,-9085941.12859748,0.4439248645318306,98.71685390766228,5.792109685685283,15,7,5,39768.617188,39887.269531,38235.535156,38609.824219,30882994649,2936.776611,2943.445801,2782.435303,2815.601807,18771041399,1.0002,1.000238,0.999986,1.00002,67899674445,406.641724,410.175781,390.539978,393.062164,1928209754,98.182961,98.568565,92.88427,94.011345,1234575023
2022-04-30,0.063579,0.065017,0.062106,0.06286,3598792,25.378558449424578,28.55732776992618,-74.62144155057543,-10820432.772706045,0.2312046559834048,98.6507876010564,2.3361823361823344,6,3,3,38605.859375,38771.210938,37697.941406,37714.875,23895713731,2815.533447,2836.827637,2727.40625,2730.186768,13520941867,1.000001,1.000251,0.99997,1.000155,57266339850,392.998535,399.593079,377.767822,377.767822,1467605770,94.013557,94.928848,82.909538,85.095932,1293033765
2022-05-01,0.062859,0.071445,0.061896,0.07088,7758364,79.35258092738407,44.98508199295599,-20.647419072615936,-3980170.282811807,-1.0939941951328518,109.9969627571957,11.97649251962907,3,6,0,37713.265625,38627.859375,37585.789063,38469.09375,27002760110,2729.994141,2838.704346,2728.078857,2827.756104,15332730152,1.000152,1.000374,1.000099,1.000113,61420362842,377.765656,391.076996,377.289948,390.281982,1553846706,85.094688,92.43013,84.944153,89.671509,1426749080
2022-05-02,0.070879,0.073243,0.064846,0.068612,9712656,57.68102149258472,54.13738695646445,-42.31897850741528,-4980699.929114047,2.8311077139816883,105.69467459788252,9.402854181615242,8,15,2,38472.1875,39074.972656,38156.5625,38529.328125,32922642426,2827.614014,2874.145996,2785.522949,2857.4104,18609741545,1.0001,1.000281,0.999926,0.999955,63751566652,390.261261,392.216705,382.774414,389.670654,1388077917,89.672058,90.693367,85.407219,87.581017,1265220129
2022-05-03,0.068611,0.074741,0.068508,0.072035,9262826,79.01186690452184,72.01515644149687,-20.988133095478165,-3760616.478769106,6.455140615070857,108.53571651502725,0.5176936816253576,21,8,3,38528.109375,38629.996094,37585.621094,37750.453125,27326943244,2857.152344,2859.193359,2762.118652,2783.476318,13026093219,0.999952,1.000233,0.999902,1.000045,52924035065,389.634155,391.754761,380.346222,383.4758,1295877765,87.562744,88.687859,84.922104,85.842377,1011988792
2022-05-04,0.072033,0.085893,0.070279,0.085893,14887879,100.0,78.8976294657022,-0.0,11127262.521230895,30.435376835583345,123.35454036276946,28.730722539454145,21,9,4,37748.011719,39902.949219,37732.058594,39698.371094,36754404490,2783.131104,2956.686768,2779.273682,2940.644775,18186749944,1.000021,1.000142,0.99994,1.000038,72222517203,383.483551,402.862701,383.42804,402.502655,1714496792,85.841728,92.937195,85.728065,92.770851,1428455342
2022-05-05,0.085893,0.089218,0.071917,0.074606,18615097,46.61308001461455,75.20831563971213,-53.38691998538545,-1701348.630205417,14.30015933325164,104.76983385025258,10.254629287540457,21,9,3,39695.746094,39789.28125,35856.515625,36575.140625,43106256317,2940.226563,2948.960693,2704.91626,2749.213135,22642925048,1.000039,1.000197,0.99992,0.999988,85679638685,402.46521,412.40036,372.552765,378.773621,2389487319,92.769791,95.032822,81.834869,84.596024,1805979399
2022-05-06,0.074606,0.087751,0.072974,0.086346,17992802,89.5067592254293,78.70661308001462,-10.493240774570694,12869935.225380993,39.59872601167285,115.96026337600148,31.12329349592261,16,13,2,36573.183594,36624.359375,35482.132813,36040.921875,37795577489,2748.931641,2754.837646,2645.335205,2694.979736,21027599270,0.99999,1.000215,0.999916,0.999982,81327879764,378.756744,382.681091,371.973328,379.304291,1834770716,84.588493,84.646935,80.468613,81.764107,1585081920
2022-05-07,0.086345,0.088021,0.080314,0.083249,17542317,78.19145049324077,71.43709657776154,-21.808549506759228,8688640.775011221,32.005074129866024,107.5923939433663,27.54167177350167,6,3,0,36042.503906,36129.925781,34940.824219,35501.953125,24375896406,2694.991943,2696.652832,2599.523438,2636.093018,13369276367,0.999971,1.000049,0.999774,0.999921,57202594793,379.288177,380.387421,361.195587,365.684113,1527960119,81.76667,82.180786,77.883232,78.983421,1139093165
2022-05-08,0.083249,0.090452,0.080637,0.087228,19029840,88.72884911201228,85.47568627689411,-11.271150887987709,15216758.073024452,37.24373397108107,109.43188600083516,41.024687565679926,2,4,1,35502.941406,35502.941406,33878.964844,34059.265625,36763041910,2636.121826,2638.830566,2498.430176,2517.459961,20802269935,0.999919,1.000063,0.99974,0.999854,77900163502,365.733002,366.509583,351.143768,355.398743,1875845651,78.987633,79.283791,74.527184,75.220184,1439700868
2022-05-09,0.08723,0.08778,0.072321,0.073483,22784132,40.67612921269754,69.19880960598353,-59.32387078730246,-4142163.837836504,15.575652720981456,91.39027076966812,16.51946404503292,14,17,1,34060.015625,34222.074219,30296.953125,30296.953125,63355494961,2518.508301,2528.258057,2238.062744,2245.43042,36333567678,0.99987,1.000134,0.99977,0.999909,120710294040,355.377411,358.950714,299.348938,299.348938,2943374129,75.234459,76.983093,63.269653,63.269653,2773999164
2022-05-10,0.073486,0.081992,0.071743,0.07677,19799674,52.160839160839174,60.521939161849666,-47.83916083916082,-4518877.315248909,22.128539611835834,94.68176011980796,20.789212832575487,14,14,4,30273.654297,32596.308594,29944.802734,31022.90625,59811038817,2242.650391,2450.760254,2206.756836,2343.510986,38202099639,0.999945,1.000134,0.999709,0.999791,128692083965,298.820709,332.438843,290.586792,319.326965,3210603809,63.369312,73.759888,61.026585,66.766151,3677013066
2022-05-11,0.07677,0.079854,0.063987,0.074358,33452784,43.640565905588986,45.49251142637524,-56.35943409441101,5759204.3637074,4.906884875846494,93.60945255736998,16.951871657754005,12,18,4,31016.183594,32013.402344,28170.414063,28936.355469,70388855818,2342.75415,2441.079346,2018.855591,2072.108643,45743399154,0.99979,0.999996,0.993459,0.995872,159700404396,319.122772,322.766815,262.620453,269.962769,3870618668,66.734749,68.117226,44.003826,50.21085,4432811558
2022-05-12,0.074359,0.078652,0.06584,0.067249,20248651,18.74562263622357,38.18234256755058,-81.25437736377643,-10035754.900576064,-1.9865329679939412,85.79507657426966,6.9821826280623664,14,23,3,28936.734375,30032.439453,26350.490234,29047.751953,66989173272,2072.504639,2170.458008,1748.303101,1961.701538,42463486402,0.995879,0.997736,0.948486,0.997609,141052751792,269.888,283.475128,216.361496,269.407257,4739990237,50.239231,53.659389,38.050091,44.68359,4471167155
2022-05-13,0.067243,0.076139,0.066646,0.07396,11402518,42.246813279170745,34.8776672736611,-57.75318672082926,-3867849.082604926,2.672312070521269,96.53606117505784,4.3453724604966135,12,19,3,29030.910156,30924.802734,28782.330078,29283.103516,42841124537,1960.122559,2139.713379,1941.975952,2014.418213,24816096567,0.997527,0.999193,0.996945,0.998239,87009885196,269.142731,312.688782,265.709595,290.584198,2774121165,44.633572,55.902115,44.076366,48.593552,2854210432
2022-05-14,0.07396,0.075715,0.070855,0.072263,6825562,36.30410421627677,32.43218004389036,-63.69589578372324,-6738517.5451563895,-15.8685806759573,96.2936241578798,5.32122660759049,5,4,0,29285.642578,30192.802734,28702.910156,30101.265625,28579868620,2014.28064,2063.429932,1956.572998,2056.273926,15457044616,0.998242,0.998971,0.997791,0.99878,60781876668,290.618073,298.802856,272.651154,297.387604,1884570404,48.676643,53.061165,46.220566,52.417225,2042138537
2022-05-15,0.072263,0.072305,0.067941,0.072175,7219577,30.93897600604572,36.496631167164416,-69.06102399395428,50928.83614519704,-3.258451062917195,99.01363623892227,0.1943499687651853,5,5,0,30098.585938,31308.191406,29527.740234,31305.113281,25835372065,2056.183105,2147.194336,2008.16272,2145.706787,14846088335,0.99878,0.999077,0.998492,0.999069,53979914930,297.397369,312.176544,286.643768,312.007721,1611088257,52.431343,58.878067,49.834801,58.81126,1843835578
2022-05-16,0.072176,0.072176,0.067366,0.069125,3731586,19.414320801058015,28.88580034112684,-80.58567919894199,-951401.5405699684,-19.944178074259376,95.6463728009488,-19.52196337303388,11,14,2,31304.375,31305.341797,29251.884766,29862.917969,32613897286,2145.836914,2145.836914,1988.811768,2022.725952,21459552191,0.999084,0.999153,0.998659,0.998779,62504490441,312.084137,312.144257,290.461823,297.710114,1754184298,58.803913,58.803913,52.267929,53.646461,2067312217
2022-05-17,0.069124,0.073476,0.069091,0.072424,3216454,31.879841299829963,27.41104603564457,-68.12015870017004,721741.3497379033,-13.003159197107475,101.0794450846768,-2.9246977454896435,12,13,3,29862.408203,30694.490234,29570.302734,30425.857422,29101473475,2022.882324,2113.059814,2015.971558,2090.40918,18509929297,0.998772,0.999107,0.99865,0.998909,55745978864,297.69931,310.194458,296.961792,305.96344,1584497815,53.656006,58.038071,53.505302,57.125626,1823895389
2022-05-18,0.072424,0.072544,0.0696,0.071003,2378698,26.510485546948775,25.93488254927892,-73.48951445305121,610239.880987904,-18.600678681157433,99.76354830098016,-17.769207606605992,16,17,2,30424.478516,30618.716797,28720.271484,28720.271484,31285268319,2090.459961,2102.32666,1916.656128,1916.656128,17740965589,0.998902,0.99915,0.998542,0.998802,56067250693,305.989868,307.711456,287.438782,287.438782,1520090732,57.116318,57.69772,49.731094,49.75621,1745565671
2022-05-19,0.071003,0.074425,0.070278,0.073783,7374501,37.014925373134325,31.801750739971027,-62.985074626865675,5701437.460684063,0.4082576922553443,102.3275672484264,-11.370707155641512,23,14,2,28720.359375,30430.751953,28708.955078,30314.333984,33773447707,1916.149536,2028.388184,1907.020508,2018.336182,18734247914,0.998786,0.999122,0.99855,0.998971,59651836770,287.45047,307.959808,287.2146,306.791565,1646882950,49.794865,53.617489,48.635551,52.213978,1958004386
2022-05-20,0.073783,0.074712,0.070192,0.071315,3788775,27.68940109578689,30.40493733862333,-72.31059890421311,3795314.816878753,-7.105640224045853,99.42579786810282,-18.242995368459667,10,19,5,30311.119141,30664.976563,28793.605469,29200.740234,30749382605,2018.000122,2054.795898,1926.676758,1961.315674,15892482289,0.998956,0.99937,0.9987,0.998818,54960961209,306.781067,315.273865,294.760803,302.359222,1756670714,52.211971,53.438042,48.050583,49.538509,1830699507
2022-05-21,0.07132,0.075443,0.070636,0.074102,2546481,38.22029095031172,34.308205806410975,-61.77970904968827,4921021.520644098,-0.3442803733290195,102.93435358692828,0.8423717050202013,4,5,0,29199.859375,29588.869141,29027.394531,29432.226563,17274840442,1961.017944,1985.395996,1944.265137,1974.518311,8546822406,0.998894,0.999038,0.998599,0.998793,34924240134,302.365936,313.660156,300.130066,312.466034,1318736979,49.53545,51.05505,48.767487,50.317982,979492374
2022-05-22,0.074101,0.078179,0.073802,0.078042,1834184,59.071995965199854,41.660562670432824,-40.928004034800146,6640385.686054197,16.049309283409414,107.15975472445731,1.6568972254786964,5,3,1,29432.472656,30425.861328,29275.183594,30323.722656,21631532270,1974.670654,2047.191406,1966.038818,2043.170166,10941123403,0.998787,0.999121,0.99859,0.999066,40965864100,312.488037,322.857025,311.827332,319.609009,1604297406,50.32066,53.02166,49.862785,52.75518,1105760506
2022-05-23,0.078042,0.082074,0.075657,0.076238,5774588,67.73373140929952,55.00867277493703,-32.266268590700484,1911468.756024586,3.0800432666306143,103.24216928770554,2.528308991635072,15,7,6,30309.396484,30590.585938,28975.560547,29098.910156,31483454557,2042.344727,2080.333496,1964.386597,1972.181885,16434529708,0.999065,0.999294,0.998829,0.999088,58585612765,319.51712,336.307526,316.349731,316.760559,2228144099,52.736088,54.474648,48.927246,49.05685,1661669360
2022-05-24,0.076238,0.082544,0.07617,0.080548,7427751,89.24395106967715,72.01655948139218,-10.75604893032285,4687261.489316059,11.465065109392084,107.39099215093964,19.775758747341953,15,12,3,29101.125,29774.355469,28786.589844,29655.585938,26616506245,1972.390869,1991.535522,1920.68811,1978.982788,13057109007,0.999048,0.999204,0.998847,0.999107,51053417289,316.85083,329.818665,313.550903,328.189331,2002782969,49.064232,50.577522,47.500824,49.653336,1508166642
2022-05-25,0.080547,0.085461,0.08024,0.084617,5007282,95.6984863156822,84.22538959821962,-4.30151368431781,8075640.594085262,17.238656044336672,109.96463347845057,14.409140075716603,19,13,4,29653.134766,30157.785156,29384.949219,29562.361328,27525063551,1978.677002,2014.369507,1943.938599,1944.827881,13364545730,0.999093,0.999185,0.998817,0.998976,50311844127,328.195679,336.666046,324.548553,325.734802,2008481372,49.648418,50.442371,47.673145,47.982426,1304580067
2022-05-26,0.084616,0.086055,0.07953,0.082353,8471648,80.92637436240915,88.62293724925617,-19.073625637590855,6934402.495694434,19.136347197106673,105.34634467256927,13.962885570762356,10,14,1,29564.777344,29834.160156,28261.90625,29267.224609,36774325352,1945.033325,1962.171143,1759.199585,1803.91333,23458681818,0.998967,0.999212,0.998783,0.998907,67771285444,325.75528,330.892334,298.786591,304.963928,2686414043,47.983974,48.551022,42.321381,43.491211,2208994514
2022-05-27,0.082353,0.083258,0.078553,0.080406,6164630,69.77366365241586,82.1328414435024,-30.22633634758413,5625483.182198172,11.021208439191431,101.17489295459694,11.404225839972291,12,13,2,29251.140625,29346.943359,28326.613281,28627.574219,36582005748,1802.543823,1814.656494,1721.264771,1724.922852,25470760032,0.998902,0.999184,0.998787,0.998863,67961870830,304.790833,308.864929,292.141876,300.972046,2593113824,43.47438,43.813648,40.268963,40.981346,2256358026
2022-05-28,0.079999,0.082233,0.079178,0.08132,2682421,74.66424099737814,75.12142633740105,-25.335759002621863,6704597.882361844,14.53037195611454,101.01433124409964,17.641952983725133,4,3,4,28622.625,28814.900391,28554.566406,28814.900391,35519577634,1724.635986,1757.941772,1724.635986,1757.941772,23214777872,0.999011,0.999189,0.998779,0.999002,37159842905,302.435028,309.209045,297.716919,307.81543,1471633413,41.493732,44.658012,40.548679,44.343163,1254325884
2022-05-29,0.081321,0.08194,0.078557,0.080284,2304642,69.12087324094382,71.18625929691261,-30.87912675905618,6752966.070951845,8.810972717292591,99.33223276054056,10.852755992488666,3,3,3,29019.867188,29498.009766,28841.107422,29445.957031,18093886409,1792.184448,1818.776611,1765.937378,1812.031006,10642556101,0.999008,0.999246,0.998909,0.999178,34572061153,307.752533,307.944397,299.306183,305.975067,1208835000,44.338791,45.386253,41.998047,44.909615,1317843243
2022-05-30,0.080285,0.084049,0.080268,0.083331,2760721,83.94246639943408,75.90919354591868,-16.05753360056592,8465182.612871975,16.849190212437772,101.8255801165732,17.36264664873316,15,7,4,29443.365234,31949.630859,29303.572266,31726.390625,39277993274,1811.885986,2005.210815,1804.456055,1996.441284,19580808705,0.999187,0.999497,0.998958,0.999376,65155466235,305.944092,323.257782,304.336578,321.752899,2064357375,44.908669,47.936829,44.357407,47.179443,1708817065
2022-05-31,0.083331,0.083824,0.07962,0.083823,2904488,86.43573381950769,79.83302448662853,-13.564266180492314,11368288.839322971,13.118404361555683,101.84453616693338,13.607470555548018,14,15,4,31723.865234,32249.863281,31286.154297,31792.310547,33538210634,1996.408081,2005.490967,1932.352051,1942.328003,18363115560,0.999378,0.999493,0.999285,0.999388,62841794272,321.720306,323.701355,314.275513,320.485107,1711532960,47.181328,48.03899,44.840015,45.767841,1509191627
2022-06-01,0.083823,0.090793,0.082344,0.083554,8420786,64.86092908111257,78.41304310001811,-35.13907091888742,5359421.660485247,7.062863586274061,101.7053546431658,17.161887400967537,15,11,4,31792.554688,31957.285156,29501.587891,29799.080078,41135817341,1942.050659,1965.166626,1776.053223,1823.569336,21037797760,0.999381,0.999502,0.998869,0.99926,68866735590,320.472015,323.885071,297.968597,300.504059,1763624947,45.765129,45.946659,40.05035,40.269669,1422647092
2022-06-02,0.083552,0.085279,0.081329,0.084262,4205277,68.29765545361877,73.19810611807968,-31.70234454638123,7399247.162257418,10.524935071749,102.22780685639016,13.710831016706704,11,13,2,29794.890625,30604.734375,29652.705078,30467.488281,29083562061,1822.412109,1845.313965,1789.664185,1834.150513,17065041354,0.999232,0.999491,0.999104,0.999317,50520845556,300.466461,309.040894,298.671204,308.101776,1228180850,40.25528,41.327866,38.360672,40.891346,1554022054
2022-06-03,0.084263,0.085816,0.080684,0.080981,2582838,51.32212134742271,61.49356862738469,-48.67787865257728,5115358.06560893,0.5375676615186011,98.14944031304375,3.765920914379433,13,12,2,30467.806641,30633.035156,29375.689453,29704.390625,26175547452,1834.13501,1840.058838,1746.509766,1775.078613,14878001811,0.999295,0.999491,0.999022,0.99917,43789145735,308.194183,309.85672,293.863068,298.397888,1115211127,40.895752,41.433346,37.802719,38.25922,1348656102
2022-06-04,0.080981,0.081014,0.076913,0.08029,3280408,38.1849214289918,52.60156607667776,-61.81507857100819,7237504.474777423,-5.1136296488885185,97.48579853432204,5.3149348094126285,1,5,2,29706.138672,29930.564453,29500.005859,29832.914063,16588370958,1775.220825,1810.299683,1751.533325,1801.609497,8677951273,0.999174,0.999357,0.999032,0.999313,30834183068,298.502838,302.637787,295.283905,301.631134,805954970,38.274551,39.040428,36.040726,38.931446,1130762770
2022-06-05,0.08029,0.082228,0.079426,0.081541,1361386,38.87420718816069,42.793749988191735,-61.12579281183931,7931315.755291348,-0.9859992957147808,98.7893357702386,1.2328052838059391,2,3,3,29835.117188,30117.744141,29574.449219,29906.662109,17264085441,1801.81897,1825.859619,1777.133301,1805.204956,8850385937,0.999309,0.999358,0.999194,0.999296,30872185296,301.5979,301.940765,295.425262,298.934723,779603321,38.934101,39.995296,38.035351,38.480534,998532387
2022-06-06,0.08154,0.084565,0.081315,0.08184,1872809,38.77453326950692,38.611220628886464,-61.22546673049308,6663568.124522114,1.7834489963435447,99.40811152698896,-3.2818464374771046,17,9,4,29910.283203,31693.291016,29894.1875,31370.671875,31947336829,1805.635986,1915.030518,1804.990234,1859.289673,16518471852,0.999286,0.999537,0.999221,0.999311,51540243030,298.984589,311.699707,289.428284,295.396027,1470941103,38.501598,44.450619,38.438789,42.433132,1955057411
2022-06-07,0.081838,0.082707,0.079118,0.082242,2895268,38.39337175792507,38.68070407186423,-61.60662824207493,8808599.501507338,1.1337924249876934,100.17121678759722,-0.1347856180102728,16,16,3,31371.742188,31489.683594,29311.683594,31155.478516,40770974039,1859.33374,1862.914917,1729.413574,1814.04834,24020076750,0.999298,0.999571,0.999147,0.999414,67008901675,295.373413,295.373413,274.427765,290.341125,1752763456,42.429775,42.44931,37.776325,39.437572,1974825213
2022-06-08,0.082241,0.08234,0.079835,0.08066,2114881,26.99567723342939,34.721194086953794,-73.00432276657061,8086753.890728886,0.4683374022221132,98.74155322691216,0.3158968236201158,13,9,5,31151.480469,31253.691406,29944.404297,30214.355469,30242059107,1814.100708,1830.676025,1770.231201,1793.572266,18041476023,0.999415,0.999564,0.999199,0.999262,52176620958,290.298828,294.039948,284.373322,288.616089,1136631692,39.434052,40.526806,38.401608,38.843369,1211034282
2022-06-09,0.080662,0.081981,0.08026,0.080964,2785364,29.18587896253601,31.524975984630156,-70.81412103746399,7580176.940118764,-2.8404795334269455,99.68866421115956,-0.4377766847024213,13,13,5,30215.279297,30609.310547,30020.265625,30111.998047,21692004719,1793.512817,1827.293091,1779.867554,1789.82605,12013083393,0.999273,0.999499,0.999159,0.999314,42359067750,288.617554,292.980652,286.479279,289.919647,800984464,38.845585,41.723763,38.555695,39.972607,1265873005
2022-06-10,0.080967,0.081284,0.079031,0.079046,1300179,15.36743515850151,23.8496637848223,-84.63256484149849,6297310.576603452,-5.698913186118356,97.65947795821616,-1.5420258083802367,16,13,5,30110.330078,30245.808594,28978.146484,29083.804688,29867476527,1789.689941,1797.607788,1663.43396,1665.042236,18504740451,0.999352,0.999445,0.999109,0.99918,49685289881,289.88858,297.231293,283.478546,286.046692,1362797648,39.967625,40.769779,37.001259,37.089767,1177042406
2022-06-11,0.079044,0.080025,0.075081,0.075945,2583299,5.498981670061122,16.684098597032882,-94.50101832993889,4616912.197962678,-9.106685496804468,94.55337419384674,-8.863448176548948,3,5,3,29084.666016,29401.916016,28236.212891,28360.810547,27246574439,1665.217896,1679.314209,1507.03894,1529.663452,21127089064,0.999182,0.999308,0.999009,0.999025,48736816876,286.105377,290.371796,265.629791,269.487,1220361307,37.092381,37.843258,33.435917,33.821117,1086904917
2022-06-12,0.075947,0.078227,0.074212,0.076481,4885208,13.684337494722836,11.516918107761825,-86.31566250527716,5253266.8141519455,-9.234293038380304,96.08545204584532,-8.758932512556223,1,7,2,28373.513672,28502.685547,26762.648438,26762.648438,34163220274,1530.189697,1539.705078,1436.18396,1445.216553,23465074882,0.999014,0.999149,0.998842,0.99908,59051274983,269.662567,271.379883,251.99144,255.950882,1380200465,33.83749,34.228504,30.743271,30.743271,1430666510
2022-06-13,0.076477,0.076477,0.061149,0.063443,22181040,7.738496829037909,8.97393866460729,-92.26150317096209,-10288510.952027604,-21.65693187290846,82.426997240066,-24.06946405917132,7,26,2,26737.578125,26795.589844,22141.257813,22487.388672,68204556440,1443.835449,1448.738037,1181.948242,1204.582764,45162788786,0.999069,0.999126,0.997547,0.998594,107410569162,255.667725,256.854309,214.605301,222.505783,2471570710,30.730293,30.917982,26.13961,28.192362,2577135234
2022-06-14,0.063445,0.064437,0.052445,0.055917,16087164,9.053927193073962,10.158920505611569,-90.94607280692604,-17060359.17350858,-30.35620874330552,76.38099661239208,-33.639125584486486,17,14,1,22487.986328,23018.951172,20950.818359,22206.792969,50913575242,1204.555298,1252.471802,1094.701904,1211.662842,33327826525,0.998602,0.999108,0.998555,0.998954,81024425505,222.5522,230.365631,205.393173,223.221252,2027226914,28.182896,31.610319,26.06032,29.714619,2317785256
2022-06-15,0.055915,0.063556,0.047332,0.062795,25010391,40.180334684544235,18.99091956888537,-59.819665315455765,5603766.102748822,-22.98966164260924,88.87444373229599,-22.457119571257447,13,18,8,22196.730469,22642.671875,20178.376953,22572.839844,54912007015,1211.365967,1236.627563,1025.684204,1233.206421,37539999450,0.998934,0.999023,0.998183,0.998942,89017006423,223.189438,234.01709,199.292221,233.396713,2244407305,29.695768,34.565529,26.868401,34.487942,2574959860
2022-06-16,0.062793,0.06521,0.0585,0.058953,9223444,30.19696497245608,26.477075616691423,-69.80303502754393,-2374306.7699784646,-27.965542521994134,87.32299293241356,-26.57491592975464,19,18,1,22576.304688,22868.921875,20265.226563,20381.650391,31183975654,1233.603516,1246.140625,1058.784546,1067.730713,18907671369,0.99892,0.999134,0.998642,0.99893,52400892767,233.467865,236.328537,208.065598,209.538742,1483212957,34.506123,35.71172,29.731699,29.989742,1908909523
2022-06-17,0.058956,0.062634,0.058844,0.05991,5012370,33.78186017779926,34.719719944933196,-66.21813982220074,-4567053.329345222,-27.154008900561756,92.48551088998862,-26.527759041463806,7,29,3,20385.71875,21243.3125,20326.519531,20471.482422,27132421514,1067.987671,1112.471558,1060.867676,1086.519287,14591486540,0.998951,0.999074,0.998681,0.999036,43836219287,209.708679,221.641342,208.102921,215.8918,1108538874,30.002502,32.008869,29.478064,30.74292,1283536081
2022-06-18,0.059908,0.061862,0.057228,0.060887,7824781,36.40587650739934,33.46156721921823,-63.59412349260066,-34961.7876965506,-24.5140094222663,97.2223109314622,-25.60239491691105,3,4,0,20473.425781,20736.041016,17708.623047,19017.642578,42009436760,1086.37793,1095.16687,896.109009,993.63678,21655406608,0.999018,0.999045,0.998454,0.998667,61973128141,215.815613,218.550201,184.540054,197.042999,1579731402,30.740925,31.838633,27.463039,31.807936,1804420726
2022-06-19,0.060887,0.062621,0.058661,0.061377,5069523,37.72191335643112,35.96988334720991,-62.27808664356887,1849466.963818612,-24.192233585297164,101.50183565566218,-25.37024877799664,1,5,1,19010.902344,20683.822266,18067.152344,20553.271484,35329942625,993.400635,1142.34082,943.116333,1127.656494,21795481981,0.998656,0.999012,0.99847,0.998969,55603476684,196.955795,216.082474,190.12149,214.920532,1333254615,31.809134,35.160576,28.910509,34.243748,2005402608
2022-06-20,0.061375,0.061782,0.059612,0.061138,6545151,39.02756183745582,37.71845056709543,-60.97243816254417,4509754.144463778,-22.65516281658782,101.66018571085831,-24.202826679890897,10,17,1,20553.371094,20913.322266,19689.169922,20599.537109,30818458597,1127.65625,1159.985352,1066.113159,1127.642456,19739691429,0.998947,0.999111,0.998629,0.998957,52157987688,214.879745,218.079712,205.166824,216.934265,1235838900,34.238365,36.764236,31.892912,35.417114,1958378683
2022-06-21,0.061138,0.066431,0.061099,0.064777,7363810,49.83146709323584,42.19364742904093,-50.16853290676416,7305018.855641568,-14.705378892619656,105.49091865055824,-19.992836322316084,19,13,2,20594.294922,21620.628906,20415.0625,20710.597656,28970212744,1127.511841,1185.432495,1112.572632,1124.824585,15632089439,0.998971,0.999206,0.998898,0.999094,50165859626,216.901108,227.642212,213.550812,219.498627,1165714518,35.397156,38.804771,34.400112,36.121159,1790090431
2022-06-22,0.064779,0.065562,0.063167,0.063243,5245622,45.92051718664318,44.92651537244495,-54.079482813356826,2392313.1579379877,-17.308874099449536,102.88552935844844,-19.992156465855334,14,17,6,20719.414063,20835.75,19848.078125,19987.029297,28574793478,1125.372925,1126.261719,1049.763306,1051.421875,15010593493,0.999093,0.999126,0.998872,0.999095,46130025676,219.673401,220.526932,211.591934,214.261917,1050984086,36.182724,36.704681,33.802742,34.121635,1533123071
2022-06-23,0.063244,0.064157,0.063148,0.06408,0,49.32846371347785,48.360149331118954,-50.67153628652215,2392313.1579379877,1.0040508803177637,103.01966872755,-15.623148331029036,14,14,3,19986.607422,21135.761719,19950.117188,21085.876953,26188097173,1051.329346,1146.494263,1050.219604,1143.386719,14657862919,0.999096,0.999328,0.998898,0.99928,43198538082,214.231033,229.771423,214.231033,228.953751,1148541185,34.120804,38.347355,34.083588,38.175232,1666479184
2022-06-24,0.06408,0.06408,0.06408,0.06408,0,51.22809164041232,48.82569084684445,-48.77190835958768,2392313.1579379877,14.59842266215998,102.04239482053406,-16.214484643244724,10,16,2,21084.648438,21472.917969,20777.511719,21231.65625,24957784918,1143.204712,1238.616943,1134.514038,1226.844727,16981552654,0.999259,0.999504,0.999137,0.999325,46919267632,228.922867,242.816254,228.630035,240.238312,1127877901,38.201443,42.729317,37.852936,42.212048,1765927064
2022-06-25,0.06408,0.06408,0.06408,0.06408,0,54.20941899983815,51.58865811790944,-45.79058100016185,2392313.1579379877,2.0463412692093232,101.3065326633166,1.0040508803177637,3,1,0,21233.609375,21520.914063,20964.585938,21502.337891,18372538715,1226.724731,1246.394287,1184.562012,1243.446899,12481946184,0.999336,0.999611,0.999273,0.999548,36390241725,240.262177,241.497726,230.446213,239.690659,915553554,42.202999,42.490692,39.875328,42.332813,1271293523
2022-06-26,0.06408,0.06408,0.06408,0.06408,0,57.46440212729455,54.30063758918167,-42.535597872705445,2392313.1579379877,8.696758434685258,100.69184112346738,14.59842266215998,1,2,3,21496.494141,21783.724609,21016.269531,21027.294922,18027170497,1242.987549,1272.131226,1199.406372,1199.831665,12096607824,0.999551,0.999595,0.999374,0.999398,37228683270,239.612579,244.665466,233.632187,233.858749,823875890,42.302418,42.341324,39.384304,39.408089,1138724690
2022-06-27,0.06408,0.069942,0.06408,0.067039,3047188,87.16054842989827,66.27812318567699,-12.839451570101737,2421423.1081256373,11.89951594057754,103.96429607934796,6.758499880563735,13,17,1,21028.238281,21478.089844,20620.199219,20735.478516,20965695707,1199.713135,1234.180786,1179.79248,1193.680664,12492225250,0.999458,0.999599,0.998984,0.999092,39296953700,233.833664,240.61821,230.50708,233.654022,841135242,39.409088,41.082157,38.170925,38.451252,1253389517
2022-06-28,0.067039,0.067971,0.065401,0.0678,0,90.52631578947368,78.38375544888883,-9.473684210526336,2421423.1081256373,11.353819370308935,104.44496283026923,15.00686987939545,13,19,0,20731.544922,21164.423828,20228.8125,20280.634766,21381535161,1193.254028,1229.739014,1141.159668,1144.579224,14023205651,0.999104,0.999134,0.998782,0.998832,40773930242,233.572845,241.423248,226.150101,226.927338,1082126615,38.445427,39.705933,35.229137,35.326439,1361946847
2022-06-29,0.0678,0.0678,0.064218,0.064653,2006450,58.40018876828693,78.69568432921962,-41.59981123171307,902301.8350938164,5.337504276846378,99.28896123840532,7.916875312969461,15,17,2,20281.169922,20364.15625,19937.791016,20104.023438,23552740328,1144.524414,1152.684814,1092.099121,1098.943848,15386286815,0.998844,0.999058,0.998519,0.998884,44380636377,226.904602,229.434708,215.947815,219.28447,1062609997,35.327236,35.969231,33.251137,33.873901,1366803516
2022-06-30,0.064653,0.065675,0.062401,0.064684,3120719,58.644014472235355,69.19017300999866,-41.355985527764645,2133813.4258085536,5.7999934574242005,99.20511112669142,6.23614236208059,9,24,3,20108.3125,20141.160156,18729.65625,19784.726563,26267239923,1099.353149,1103.69043,1009.094849,1067.298828,16350755497,0.998888,0.999093,0.998762,0.998819,45578518327,219.387573,219.88707,205.926666,219.300095,1088852065,33.908783,34.045753,31.057346,33.588417,1321861663
2022-07-01,0.064689,0.066002,0.064341,0.065062,2356257,61.61711499134806,59.553772743956785,-38.38288500865195,1823144.983304025,0.4399709773530629,99.57061465069806,6.0038776740472715,13,16,6,19820.470703,20632.671875,19073.708984,19269.367188,30767551159,1068.316772,1100.223877,1040.150757,1059.767334,17499453625,0.99886,0.999137,0.998705,0.998867,49683415220,219.528992,226.379623,213.665634,216.015457,1234215934,33.645653,35.230743,31.934067,32.80307,1427407655
2022-07-02,0.065063,0.065186,0.064507,0.064871,835498,55.04831131991842,58.43648026116728,-44.951688680081574,1883438.653407127,2.57419793494933,99.1069187605988,6.105858876639734,5,4,2,19274.835938,19371.748047,19027.082031,19242.255859,18100418740,1060.121216,1073.052612,1033.962158,1066.512817,9935603640,0.998855,0.999119,0.998827,0.99896,31666712588,216.231979,219.422012,214.210449,218.035233,767361243,32.811005,33.934597,31.957586,33.359409,765552187
2022-07-03,0.064871,0.066125,0.062674,0.066124,1876505,63.039690222652474,59.90170551130632,-36.96030977734753,3758856.139642999,3.189762796504376,100.57253608498304,2.079441777173998,2,7,2,19242.095703,19558.269531,18966.951172,19297.076172,16390821947,1066.467407,1083.418945,1044.005615,1073.766968,8557248150,0.998953,0.999128,0.998891,0.999078,27890770459,218.047577,219.788712,214.464493,218.980316,724525676,33.356258,33.577499,32.219078,33.385933,605659825
2022-07-04,0.066123,0.067309,0.06565,0.067032,1589566,67.09261562818038,61.726872390250435,-32.90738437181962,4817608.659233113,4.606741573033702,101.9551263944236,5.991176889141883,10,8,3,19297.314453,20258.748047,19063.066406,20231.261719,21594638208,1073.794312,1152.943848,1048.396362,1151.059082,13670889311,0.999071,0.999223,0.998991,0.999109,37816157114,218.978607,231.768204,215.21373,231.574127,1039372640,33.385269,36.806507,32.520714,36.78503,1091202628
2022-07-05,0.067033,0.068663,0.066729,0.068314,1752361,78.4113512796711,69.51455237683466,-21.588648720328912,5937524.99635824,6.607365792759054,103.78912184746277,6.607365792759054,13,11,2,20225.353516,20635.466797,19341.232422,20190.115234,26715546990,1150.509766,1165.682739,1086.829956,1134.541016,16195518291,0.999118,0.999248,0.998936,0.999092,46794873591,231.484116,235.759155,223.228378,230.846359,1310031377,36.761269,36.87249,33.266792,35.395554,1569156882
2022-07-06,0.068315,0.068318,0.066967,0.067644,1112274,69.5265879856782,71.67685163117656,-30.473412014321795,5939994.886809749,5.561797752808985,102.10833435763404,5.561797752808985,12,14,7,20194.619141,20595.529297,19823.511719,20548.246094,24598943708,1134.822266,1193.636719,1116.247559,1186.973999,15373536703,0.999095,0.999221,0.99896,0.999098,41932894214,230.911087,239.490601,229.297928,238.499939,1266715664,35.40472,37.476231,34.889488,37.073563,1410588451
2022-07-07,0.067643,0.068577,0.066386,0.068524,859919,81.19612783450468,76.378022366618,-18.80387216549531,6758311.233226912,2.215128507286803,102.58720066043443,6.9350811485643,18,16,4,20547.814453,21771.816406,20296.103516,21637.587891,25814972520,1186.960938,1246.894897,1165.623169,1237.593384,14230795894,0.999089,0.999506,0.999019,0.999446,41395542117,238.50296,243.302887,235.4366,241.54451,1108137930,37.075268,39.11948,36.497711,38.518307,1189167903
2022-07-08,0.068522,0.069503,0.067827,0.069251,1360238,90.83675905052368,80.51982495690218,-9.163240949476336,7709503.915804474,2.140117994100286,102.75500254366628,8.069600499375774,15,12,6,21637.154297,22314.941406,21257.453125,21731.117188,49899834488,1237.580322,1262.885742,1200.632202,1222.506226,16315929082,0.999411,0.999576,0.999285,0.999418,64720676603,241.544434,246.683014,237.140396,240.750717,1341618380,38.517429,39.35284,36.55621,38.28672,1485794730
2022-07-09,0.069258,0.071014,0.069062,0.069949,1011182,87.63497039359112,86.55595242620649,-12.365029606408882,7617295.721132344,8.191421898442448,102.68539839526213,4.340756872865042,8,3,0,21716.828125,21877.138672,21445.957031,21592.207031,29641127858,1222.306885,1228.767944,1209.377563,1216.978271,8821353104,0.999422,0.999572,0.999333,0.999538,38957001478,240.756577,244.693466,240.668823,243.241074,851653424,38.292435,38.792534,37.870064,38.07196,789899204
2022-07-10,0.069949,0.06995,0.06741,0.067461,795157,58.74840357598976,79.07337767336819,-41.251596424010245,6854070.222707144,4.293179147857256,98.7561039368432,-0.5000000000000088,5,6,1,21591.080078,21591.080078,20727.123047,20860.449219,28688807249,1216.904419,1216.904419,1157.175537,1168.401611,10984558039,0.999539,0.999629,0.999396,0.999465,40170710077,243.250931,243.327133,232.101974,234.655579,881096013,38.071083,38.071083,36.386768,36.697609,714119421
2022-07-11,0.06746,0.067495,0.064711,0.064712,979971,26.831533728085553,57.73830256588881,-73.16846627191444,5874803.224862317,-0.5379484184316332,95.19370396444296,0.0912563995483635,13,14,4,20856.353516,20856.353516,19924.539063,19970.556641,24150249025,1168.139038,1169.193848,1095.002808,1097.236572,12064180410,0.999456,0.999576,0.999128,0.999225,38726869251,234.599365,234.649933,225.501419,225.858505,1021066311,36.693195,36.693195,33.337299,33.4636,930216020
2022-07-12,0.064711,0.065488,0.064603,0.064737,1049731,27.121792639034087,37.56724331436981,-72.8782073609659,5142956.866670244,-0.2065637958409693,95.95174875814668,0.0819368004452376,15,16,0,19970.474609,20043.445313,19308.53125,19323.914063,25810220018,1097.259155,1097.259155,1038.13562,1038.19165,12583282453,0.999225,0.99938,0.999118,0.999343,40368791506,225.868393,228.190842,220.464554,220.464554,1140033692,33.465031,34.501244,32.757595,32.757595,916386230
2022-07-13,0.064737,0.066055,0.06389,0.066055,1695469,42.4242424242425,32.12585626378739,-57.5757575757575,6838425.866670244,-0.1043494041497786,98.23577776408628,1.5262365128646642,14,14,4,19325.972656,20223.052734,18999.953125,20212.074219,33042430345,1038.186646,1113.587158,1019.220337,1113.587158,18302588147,0.999342,0.999429,0.999157,0.999384,51757860849,220.492416,230.538712,216.816803,230.524765,1431776142,32.748028,34.939667,31.959471,34.910938,1313110217
2022-07-14,0.066057,0.067241,0.065184,0.066875,1379579,50.37170263788981,39.972579233722136,-49.62829736211019,7727070.579844779,-0.2342164936149756,99.80492068906702,3.08920781242775,26,11,3,20211.466797,20789.894531,19689.257813,20569.919922,31158743333,1113.515747,1202.953369,1077.405762,1191.526245,16688640823,0.999394,0.99954,0.999302,0.999407,49222660233,230.512329,239.660156,227.57991,238.164474,1609361574,34.912262,37.221024,33.690948,37.107822,1320137563
2022-07-15,0.066873,0.067667,0.066694,0.067236,664657,54.7002398081536,49.16539495676198,-45.2997601918464,7802894.759700894,-1.57800743625025,100.776617954071,1.681688948037024,16,16,3,20573.15625,21138.244141,20397.0,20836.328125,25905575359,1191.674805,1275.778198,1182.903198,1233.12915,17411448225,0.999385,0.999744,0.999347,0.999706,45982487607,238.226624,241.83342,235.683151,238.57399,1151260376,37.11224,38.851181,36.646233,37.415928,1266226950
2022-07-16,0.067236,0.069083,0.066324,0.068908,1409681,74.74820143884897,59.9400479616308,-25.25179856115104,9033747.071770476,1.8686062326296513,103.5134253536602,2.798663324979118,5,3,2,20834.103516,21514.404297,20518.898438,21190.316406,24302954056,1232.791626,1377.94458,1195.605957,1352.626465,18364013796,0.999701,0.99988,0.999683,0.999774,44126749597,238.559067,250.758759,234.117676,249.593872,1030985968,37.412758,40.084702,36.401539,39.574123,1149921714
2022-07-17,0.068909,0.069085,0.067562,0.067576,853390,51.740595171252096,60.396345472751555,-48.259404828747904,8196046.448001599,-1.3834568910162923,101.487452236542,-1.0803056474514778,5,3,3,21195.041016,21600.640625,20778.179688,20779.34375,22927802083,1353.205078,1378.41748,1329.763306,1338.635742,16079711737,0.999779,0.999863,0.999677,0.999734,42189248625,249.640808,255.296494,246.950806,247.84848,1050861669,39.579891,40.968723,38.546474,38.644722,1119935904
2022-07-18,0.067576,0.070517,0.067485,0.068794,1901764,68.8377316114542,65.10884274051843,-31.16226838854579,7936372.867526657,-0.659918268328254,102.41970645347216,1.7000768730412132,19,8,3,20781.912109,22633.033203,20781.912109,22485.689453,39974475562,1338.80603,1578.717896,1338.80603,1578.717896,27440420623,0.999726,0.99997,0.999693,0.999777,70390606911,247.834473,264.886047,247.821823,264.886047,1632324536,38.646957,43.746159,38.608562,43.746159,1793335611
2022-07-19,0.068793,0.069605,0.067882,0.06921,1933332,74.67714766984837,65.08515815085156,-25.32285233015163,8983267.096197566,-1.0564840097785582,102.06803271435612,1.0011091004611408,19,10,3,22467.849609,23666.962891,21683.40625,23389.433594,48765202697,1578.383911,1607.033081,1501.797485,1542.97522,27753529276,0.999785,1.000124,0.999764,1.000092,77160548741,264.494934,274.243652,256.699188,268.817322,1925805446,43.668545,47.09938,42.716999,44.899876,2530289999
2022-07-20,0.06921,0.070195,0.067544,0.067765,1994585,54.39359910162841,65.96949279431033,-45.60640089837159,7321238.32780828,0.4506307347949372,99.57826368071476,-2.1458173889185534,14,19,3,23393.191406,24196.818359,23009.949219,23231.732422,42932549127,1542.954346,1612.645752,1500.803223,1520.200684,22942708340,1.000096,1.000249,1.000002,1.000068,68306872702,268.772705,271.790253,256.99649,258.338806,1675018362,44.896854,46.09573,41.642551,42.09367,2020822242
2022-07-21,0.067764,0.068034,0.066643,0.067969,1379068,57.257158899494726,62.10930189032384,-42.742841100505274,8571421.467995204,5.033069600692292,99.64918380255438,-2.8306337474445606,16,13,6,23233.201172,23388.322266,22431.148438,23164.628906,33631012204,1520.374512,1595.761963,1472.185425,1576.749512,20009556587,1.000053,1.000138,0.999949,1.00008,55292189306,258.340118,265.907532,251.545654,265.462555,1220055525,42.088425,43.919407,39.818287,43.190594,1926399176
2022-07-22,0.06797,0.068897,0.06685,0.067035,809076,44.14654688377314,51.93243496163209,-55.85345311622686,7908587.832430957,3.5497474396403828,98.32123991895352,-0.6314759638902416,18,10,5,23163.751953,23671.927734,22603.416016,22714.978516,31421555646,1576.745361,1641.209229,1523.641724,1537.405151,18926100582,1.000082,1.000177,1.000027,1.000052,51645071119,265.47702,271.151978,261.612457,262.877441,1173778496,43.189011,44.223217,40.138878,40.618504,1523873136
2022-07-23,0.067034,0.067653,0.06625,0.066882,675130,45.148634374528406,48.850780052598765,-54.851365625471594,7841700.3983611,1.2519869805465056,98.51503794996538,3.3533193225367643,3,1,2,22706.984375,22977.210938,22002.910156,22465.478516,24021799169,1536.457397,1591.632568,1495.678101,1549.297485,14998811383,1.000052,1.000146,0.999984,1.000036,43014917183,262.720154,271.613861,253.223862,259.463013,1108172504,40.591167,41.826378,38.714317,40.040977,1151436691
2022-07-24,0.066885,0.067591,0.066885,0.067029,668070,47.36683265429313,45.55400463753156,-52.63316734570687,7446157.537171309,0.2302803738317777,98.8453371084764,3.5404791695630045,3,2,0,22465.509766,22974.001953,22306.839844,22609.164063,23565495303,1549.222534,1654.428711,1548.671143,1599.476685,17217849557,1.000034,1.000118,0.99993,1.000035,41955275140,259.473877,265.886688,257.432953,261.864868,913146574,40.038811,42.021122,39.605618,41.006584,1115260733
2022-07-25,0.06703,0.067032,0.063928,0.063929,1246610,0.5885015844273035,31.034656204416283,-99.4114984155727,6200350.765264093,-4.918496043786074,95.25008567129044,-3.2185300128680683,11,12,7,22607.15625,22649.121094,21361.642578,21361.701172,35574561406,1599.157227,1605.336914,1445.383423,1445.383423,20585056021,1.000038,1.000122,1.000006,1.000062,56307512994,261.841003,262.436127,245.148499,245.148499,1005244476,41.00948,41.048183,36.711998,36.711998,1465847128
2022-07-26,0.06393,0.06513,0.063238,0.065129,979624,25.978843247698933,24.644725828806457,-74.02115675230107,7178939.221923726,-5.484123759215173,97.8882977124478,-2.6108411214953233,18,14,3,21361.121094,21361.121094,20776.816406,21239.753906,28624673855,1445.151123,1445.151123,1362.95166,1441.806763,18238563509,1.000067,1.000128,0.999996,1.000047,48266723630,245.123672,248.958374,240.113297,248.958374,926779355,36.715424,36.715424,34.819839,36.190853,1362323126
2022-07-27,0.06513,0.068517,0.06513,0.068517,1671327,72.5236983102074,33.03034771411121,-27.476301689792603,8850266.221923726,1.3925062152243362,102.8144226028425,1.905229341424223,12,9,8,21244.169922,22986.529297,21070.806641,22930.548828,31758955233,1443.726807,1636.799438,1423.618896,1636.232666,23007524016,1.000048,1.000328,0.99998,1.000274,60104591185,249.015808,271.504364,247.804108,271.504364,1405510237,36.203747,40.39473,35.755058,40.30785,1829226049
2022-07-28,0.068518,0.070217,0.067756,0.069794,2293131,90.06731693913997,62.85661949901544,-9.932683060860036,10355104.32228942,1.4536151408553086,104.32251796333664,1.2857723341266585,18,13,2,22933.640625,24110.470703,22722.265625,23843.886719,40212386158,1636.231934,1774.576416,1604.890991,1725.46814,27231399966,1.000288,1.00036,1.000123,1.0002,75754591120,271.51535,280.12738,264.739105,277.293915,1648592412,40.302082,44.073296,39.1329,42.845268,2454901807
2022-07-29,0.069794,0.071566,0.068578,0.069392,2718996,73.89529298751191,78.82876941228643,-26.104707012488095,9117542.555221137,0.262967779222658,103.20223000305946,2.687344619391497,15,13,3,23845.212891,24294.787109,23481.173828,23804.632813,35887249746,1725.623901,1759.884033,1662.791138,1727.406982,23249531113,1.000205,1.000346,1.000169,1.000311,72013108986,277.314117,301.209686,275.304352,293.953339,2562325488,42.876968,44.228748,41.277008,41.926998,2066610408
2022-07-30,0.069392,0.071092,0.069226,0.069271,1642279,72.44236311239187,78.80165767968127,-27.55763688760813,7554473.153291882,2.22238618755994,102.50200291294358,0.6933744221879892,5,0,2,23796.818359,24572.580078,23580.507813,23656.207031,28148218301,1727.06189,1738.016846,1678.108032,1695.969482,15576977870,1.00031,1.000352,1.000217,1.000289,57489826931,293.9151,299.723969,285.408813,287.536133,1578905327,41.923416,46.476025,41.619186,43.75589,1980341418
2022-07-31,0.069271,0.070572,0.068914,0.068922,1159054,68.25168107588848,71.52977905859744,-31.748318924111512,6406604.234112139,1.4021097853433118,101.57910029181774,-0.4161248374512305,4,1,1,23652.070313,24121.642578,23275.703125,23336.896484,23553591896,1695.884766,1745.883179,1672.612793,1681.517334,14200735370,1.00028,1.000338,1.0002,1.000328,52267348020,287.57724,296.210205,282.609314,283.579468,1313531523,43.760658,45.051529,42.352737,42.400204,1356657075
2022-08-01,0.068922,0.071205,0.068564,0.070026,2885272,81.50816522574449,74.06740313800829,-18.491834774255516,6715779.537406351,4.461848288207664,101.89813554072232,3.33653065741902,17,11,4,23336.71875,23464.787109,22890.796875,23314.199219,25849159141,1681.445557,1700.170898,1613.416016,1635.195801,16191371176,1.000322,1.000368,1.000125,1.000204,50882756969,283.629486,290.084778,278.343536,283.53949,1314157614,42.401554,43.116291,40.736763,41.786484,1082119921
2022-08-02,0.070025,0.07024,0.067978,0.068538,1723462,63.64073006724301,71.13352545629199,-36.35926993275699,5845667.422463831,2.476002511886614,99.03108615778392,0.8371463461283821,15,14,6,23308.433594,23415.041016,22710.083984,22978.117188,28389250717,1634.645874,1672.629761,1567.851074,1632.945435,20426082309,1.00021,1.000319,1.000133,1.000159,54793315279,283.476349,290.536774,274.820465,283.820984,1768344106,41.774147,42.332111,39.74712,39.754505,1205226999
2022-08-03,0.068537,0.068983,0.067529,0.0679,1032338,55.97982708933716,67.04290746077488,-44.02017291066284,5340148.4018310895,1.2994375568783612,98.23434461178525,1.2903707018721633,19,14,2,22981.302734,23578.650391,22747.835938,22846.507813,26288169966,1633.05127,1678.098267,1595.634521,1618.874512,16786218830,1.000148,1.000272,1.000117,1.000204,47717439471,283.87384,305.186859,278.811829,298.356781,2133584480,39.754864,40.730652,37.893131,38.544418,2312325350
2022-08-04,0.067901,0.069342,0.067833,0.068968,1105049,68.80403458213254,62.80819724623757,-31.195965417867463,5897432.887583243,7.882181795429307,99.95010527579774,3.11892586944171,19,14,3,22848.214844,23198.009766,22485.701172,22630.957031,25120229769,1618.886719,1658.511597,1585.326538,1608.205811,14467440626,1.000207,1.000285,1.000053,1.000133,44526180493,298.370117,312.748108,297.432037,310.706055,1926587001,38.54464,39.679878,38.044727,38.830673,1235137178
2022-08-05,0.068967,0.06989,0.06842,0.06962,925520,76.63304514889526,67.13896894012166,-23.36695485110474,6482965.9488077415,6.895545763024144,100.84739624827984,3.8654910561100353,11,18,1,22626.833984,23422.828125,22612.177734,23289.314453,28881249043,1607.523926,1732.254639,1606.49707,1732.254639,18546491876,1.000112,1.000159,1.000032,1.000042,49723473321,310.693604,320.956604,308.606812,315.185547,1585061398,38.823994,41.174652,38.795719,40.561031,1198859111
2022-08-06,0.069623,0.070349,0.069529,0.06953,497933,75.55235350624388,73.66314441242389,-24.44764649375612,5986247.41953945,1.4784651984179111,100.66307621033124,8.761282047271184,4,1,2,23291.423828,23326.5625,22961.279297,22961.279297,15978259885,1732.661133,1744.326416,1691.658081,1691.658081,11757911705,1.000038,1.000165,1.000038,1.000125,32961917502,315.196991,321.839691,313.733643,315.068909,1151509385,40.561169,40.845413,39.953098,40.057007,650997770
2022-08-07,0.06953,0.070088,0.069372,0.069797,381260,78.75840537944276,76.98126801152729,-21.241594620557233,6057600.5480310675,0.0042983637562011,100.86708961371158,7.167314099709793,3,1,1,22963.505859,23359.009766,22894.556641,23175.890625,15886817043,1691.777954,1724.789185,1672.908447,1699.35083,10252090340,1.000128,1.000181,1.000068,1.000144,29901528651,315.123108,325.171661,309.024872,322.921143,1012978419,40.060047,41.494068,39.336483,40.605591,614104051
2022-08-08,0.069797,0.070833,0.069785,0.070133,555340,82.79298751200764,79.03458213256476,-17.207012487992355,5871074.13581733,1.067846437629706,101.33027579744306,2.35853875680489,19,15,1,23179.527344,24203.689453,23176.546875,23809.486328,28575544847,1699.693481,1806.886475,1697.407959,1775.516113,16841424404,1.000159,1.000227,1.000097,1.000177,50243147547,322.954803,332.881104,322.539368,324.800415,1318773332,40.609642,43.539856,40.603798,42.170551,1117550363
2022-08-09,0.070132,0.070755,0.068503,0.068595,1125162,53.83778744561845,71.79639344568962,-46.16221255438155,4837843.66690082,-0.9758773512725326,99.09646821850691,-1.717912714559979,16,10,3,23811.484375,23898.615234,22982.0,23164.318359,23555719219,1776.071289,1786.122559,1675.849854,1703.025024,16368619692,1.000169,1.000244,1.000118,1.000209,46070684571,324.836365,327.82547,313.496918,324.912323,1139003043,42.175392,42.702393,39.943928,40.372623,895263875
2022-08-10,0.068595,0.070197,0.068203,0.070111,782408,63.95838493931141,66.86305329897918,-36.04161506068859,5552762.110230818,1.725138562432909,100.82649551929724,1.0361424948120983,15,11,2,23162.898438,24127.414063,22771.519531,23947.642578,32837431722,1702.906494,1869.400635,1665.090454,1851.742676,23512477984,1.000205,1.000562,1.000151,1.000253,60085173824,324.859039,336.283691,314.412598,328.471161,1738218767,40.370525,42.611816,39.257374,42.365868,1389333742
2022-08-11,0.070113,0.070961,0.070113,0.070219,755633,66.63363884072328,61.47660374188438,-33.36636115927672,4986037.360230834,0.2756119155742134,100.72294341246504,1.3685380606603117,18,13,3,23948.345703,24822.628906,23900.996094,23957.529297,37127036580,1851.828369,1927.939209,1851.828369,1881.224121,23826986482,1.000251,1.000504,1.000243,1.000406,64445391375,328.460205,334.097229,322.307556,323.800232,1511577808,42.37365,45.124771,42.37365,42.821789,1735349568
2022-08-12,0.070218,0.070559,0.069581,0.070256,713371,74.18389553862879,68.25863977288782,-25.81610446137121,5257380.930782981,2.506638653010005,100.64484969537963,1.9355213139491048,10,14,3,23957.203125,24412.566406,23657.265625,24402.818359,27265804688,1880.89917,1957.552979,1860.083496,1957.24646,17168141904,1.000401,1.000473,1.000245,1.000336,46783370955,323.772125,327.514679,318.265167,327.514679,980643843,42.82053,45.375183,42.23114,45.334759,1128246063
2022-08-13,0.070259,0.071,0.069905,0.070012,604578,67.5462459194777,69.45459343294326,-32.45375408052231,4770957.900646006,3.110456553755527,100.1964740975174,-0.0199925741867308,4,2,2,24402.1875,24860.050781,24346.115234,24424.068359,22987346289,1957.333984,2013.755737,1948.595215,1981.336548,16038975216,1.000342,1.000574,1.00025,1.000376,41593883061,327.574158,332.516754,323.478882,323.870148,991712327,45.340744,48.184284,45.340744,46.485348,1416039040
2022-08-14,0.070011,0.072114,0.069803,0.07041,1371931,62.83533260632497,68.18849135481048,-37.16466739367503,4119721.073731248,2.090824730309707,100.63993661891304,2.731331524118006,4,2,0,24429.056641,24974.914063,24206.259766,24319.333984,22994133555,1981.782471,2022.791504,1919.010132,1936.802002,14062754456,1.000367,1.000401,1.000226,1.000271,43866838979,323.974091,330.805298,316.659271,317.986633,936178150,46.505985,47.960876,44.694038,44.916569,1061034922
2022-08-15,0.070409,0.070937,0.068512,0.06879,1311770,27.50272628135225,52.628101602384966,-72.49727371864775,3108711.535586919,-1.1921861534041904,98.59477920445214,1.3107511045655404,11,15,3,24318.316406,25135.589844,23839.775391,24136.972656,35123501685,1936.760498,2007.210327,1881.856812,1904.228149,20349931313,1.00026,1.000354,1.000125,1.000174,57703388667,318.032471,326.833649,314.858093,319.887299,1141553086,44.92244,47.127541,42.909031,43.823223,1364253429
2022-08-16,0.068789,0.070358,0.068591,0.06955,1193602,44.07851690294435,44.80552526354052,-55.92148309705565,3210711.4801256843,0.0287645620595514,99.48952483713022,0.8438696206936538,8,16,5,24126.136719,24228.416016,23733.5,23883.291016,27753685646,1902.83313,1910.745361,1862.273438,1878.139404,15637578930,1.000169,1.000325,1.000045,1.000115,46945222159,319.712769,322.158295,312.806061,316.423676,963072351,43.806095,44.187122,42.782154,43.158806,1131452045
2022-08-17,0.069551,0.070703,0.068222,0.068227,1157350,9.203457136182951,26.928233440159847,-90.79654286381704,2058026.3330075785,-2.24938034586014,97.974209377513,-2.0008618213157217,14,21,5,23881.316406,24407.058594,23243.353516,23335.998047,30931623076,1877.934326,1951.675659,1823.532227,1832.999634,20308508124,1.000125,1.000132,0.999997,1.000073,53355167557,316.401611,323.235992,305.3349,306.636414,1111784114,43.153057,44.633087,40.28677,40.403053,1336772691
2022-08-18,0.068228,0.068426,0.06759,0.067592,611807,0.0442086648983642,17.775394234675222,-99.95579133510164,1449146.6392276771,-3.623116079449049,97.58826162194715,-2.7872860635696757,13,12,3,23341.039063,23563.832031,23177.601563,23212.738281,23747613147,1833.715576,1876.376953,1826.957764,1847.007813,14999352229,1.000072,1.000119,0.999935,0.999999,43149679443,306.796478,310.187958,297.026428,298.141235,1041814513,40.42651,41.607304,39.525936,39.545231,885648540
2022-08-19,0.067591,0.067593,0.06417,0.064173,1543760,0.0377643504530353,3.095143383844784,-99.96223564954695,-91907.38355936157,-6.4465340039361605,93.82918993888302,-8.057652907718102,7,23,3,23213.3125,23213.3125,20868.847656,20877.552734,40509610260,1847.095337,1847.095337,1611.338867,1612.987305,25906358731,0.999991,1.000175,0.999946,1.00006,64302127382,298.152771,298.190704,278.579437,279.718719,1598319492,39.541328,39.541328,35.755028,35.890259,1821467945
2022-08-20,0.064171,0.065613,0.064168,0.065607,738789,18.109740750062883,6.063904588471428,-81.8902592499371,640746.344468314,-6.42409892884142,96.8166898212076,-6.453452725535771,3,4,0,20872.841797,21350.806641,20856.730469,21166.060547,27595671000,1612.650635,1652.21875,1534.298828,1577.003784,18334580263,1.000053,1.000133,0.999973,0.999974,64302127382,279.620117,288.905518,278.332062,283.693146,1315367730,35.876614,37.223209,34.358337,35.269733,1203622743
2022-08-21,0.065606,0.066145,0.064806,0.066028,831926,23.408004027183512,13.851836375899811,-76.59199597281648,1327287.2182547308,-5.96847007220268,98.34647964644329,-3.742255266418834,1,2,0,21160.392578,21668.845703,21103.197266,21534.121094,23102307723,1576.543579,1640.936523,1569.046509,1619.31897,15849221752,0.999974,1.000161,0.999942,0.999994,45699064002,283.639099,303.657928,283.639099,302.056274,1249205607,35.264179,36.982368,34.782307,36.533199,982071275
2022-08-22,0.066031,0.066031,0.064419,0.065352,1286309,14.90057890762637,18.806107894957588,-85.09942109237362,1529968.6611827514,-6.980186745616041,98.05692679340405,-6.787807904608425,11,20,2,21531.462891,21531.462891,20939.183594,21398.908203,31666498758,1619.16687,1622.778809,1535.014771,1622.505859,18557078599,0.999999,1.000114,0.999891,0.999984,51710064329,302.03418,303.823792,289.306702,300.559113,1463703478,36.525806,36.525806,33.90044,35.47438,1139846770
2022-08-23,0.065352,0.066578,0.065091,0.066222,1156793,25.84948401711555,21.386022317308477,-74.15051598288446,2132870.1911087856,-5.41335771010684,100.07620881647492,-5.69219157208163,10,16,6,21401.044922,21646.203125,20955.138672,21528.087891,31878280659,1622.939331,1666.676514,1569.428589,1662.769897,18322041914,0.999983,1.00005,0.999886,0.999992,52978066914,300.570923,301.195007,294.319672,299.029938,1034959891,35.475307,36.050423,34.312916,35.646252,854779221
2022-08-24,0.066221,0.066223,0.064958,0.06496,612528,9.96727913415557,16.905780686299163,-90.03272086584442,1522279.0385396176,-7.740377787246125,98.8663590863037,-7.538146208153034,19,9,7,21526.455078,21783.076172,21195.005859,21395.019531,31962253368,1662.695435,1686.557739,1610.099243,1657.059204,16780932907,0.999992,1.000105,0.999955,1.000039,48708536003,299.015106,299.958679,294.712036,296.449677,935405757,35.645657,36.286068,34.433517,34.957916,946325778
2022-08-25,0.064959,0.065554,0.064932,0.065383,396782,15.29071230807947,17.035825153116864,-84.70928769192052,1700894.7298579388,-4.952754760866415,99.99038724124746,-6.61172370450781,14,8,7,21395.458984,21789.636719,21362.441406,21600.904297,31028679593,1657.336548,1718.183228,1656.856079,1696.457031,14818795695,1.000034,1.00013,0.999959,1.00008,45854093190,296.487305,306.138153,296.202087,301.583649,973529233,34.959103,36.422668,34.933643,35.316463,828503624
2022-08-26,0.065383,0.065429,0.061678,0.061678,1472829,0.0,8.419330480745016,-100.0,228065.72985793883,-11.318475916606763,94.84128901873775,-12.401647493253805,8,16,6,21596.085938,21804.908203,20199.482422,20260.019531,42326789564,1696.324585,1698.561035,1498.77124,1507.782837,26713710143,1.000078,1.000139,0.999973,1.000043,62406193046,301.556,301.556,277.851654,279.598175,1210077085,35.313255,35.580132,31.499327,31.726362,1315871629
2022-08-27,0.061678,0.062799,0.061362,0.062799,866551,13.364955357142804,9.55188922174076,-86.6350446428572,1094616.7298579388,-7.955794626760671,97.16437308530531,-8.709114696903635,2,4,4,20262.480469,20340.775391,19890.523438,20041.738281,30116729776,1508.156982,1517.150024,1454.282959,1491.39502,18120831899,1.000056,1.00014,0.999971,1.000019,43316381517,279.571838,283.850098,274.544373,277.801575,962669292,31.713827,32.205086,30.953018,31.542433,764882265
2022-08-28,0.062798,0.062947,0.061654,0.061654,389914,3.0496083550913897,5.471521237411399,-96.9503916449086,704702.7298579388,-8.785063321103086,96.32405456558226,-11.352983465133,3,4,1,20041.035156,20139.054688,19616.814453,19616.814453,24366810591,1491.206787,1505.791992,1430.547363,1430.547363,12823572918,1.000015,1.000087,0.999965,1.000028,34337927087,277.803436,283.628326,276.250885,276.250885,758285305,31.538864,32.129612,30.388781,30.392286,562501615
2022-08-29,0.061656,0.063233,0.061177,0.063231,867881,21.562040730631885,12.658868147622028,-78.43795926936812,1570895.2454221393,-1.467907063718384,99.25772604036086,-7.322614214313983,11,15,2,19615.154297,20357.462891,19600.785156,20297.994141,32637854078,1430.439453,1556.30957,1427.728394,1553.037354,17965837488,1.000051,1.000091,0.999968,1.000032,45837060552,276.280609,286.331024,272.805969,286.221405,1009161525,30.39386,32.520748,30.119162,32.465298,891913484
2022-08-30,0.063231,0.066343,0.063079,0.064798,2574695,38.01175729582188,20.874468793848383,-61.98824270417811,1708149.206819193,-1.233100126510897,102.04340578128831,-4.133625281098362,12,16,6,20298.611328,20542.644531,19617.640625,19796.808594,34483360283,1553.188965,1600.461182,1480.831787,1523.838867,21835784470,1.000039,1.000234,0.999977,1.000081,50170084207,286.215271,291.663086,277.074463,281.425354,979620743,32.460041,33.072636,30.796524,31.412056,861409804
2022-08-31,0.064799,0.065476,0.063346,0.063505,896022,32.11477445164856,30.562857492700775,-67.88522554835144,945899.5054107473,-3.821106197370809,100.33562954803996,-1.0409362192822342,20,17,5,19799.582031,20420.990234,19799.582031,20049.763672,33225232872,1524.286499,1612.358887,1524.286499,1553.684937,20591680941,1.00009,1.000163,0.999974,1.000016,48405934722,281.456482,289.771118,278.078796,279.238098,952486877,31.416515,32.876423,31.237885,31.472956,769308937
2022-09-01,0.063505,0.063512,0.062315,0.06308,784796,29.660224438902674,33.26225206212437,-70.33977556109733,1164226.2121776603,-3.4765577182029572,100.1849141794008,-3.851723139299162,10,15,7,20050.498047,20198.390625,19653.96875,20127.140625,30182031010,1553.756348,1593.082764,1520.188354,1586.176758,16434276817,1.000014,1.000117,0.999968,1.00001,44702355872,279.251343,280.221313,271.472809,278.417236,954919263,31.475082,31.709314,30.511267,31.585678,666487074
2022-09-02,0.063079,0.063405,0.062532,0.06254,491997,25.236067394926813,29.003688761826016,-74.7639326050732,681246.3393254203,-5.560085772099913,99.13339236017543,-5.282607378687837,8,13,10,20126.072266,20401.568359,19814.765625,19969.771484,29123998928,1586.017944,1643.183228,1551.87793,1577.220459,17708478709,0.999996,1.00012,0.999948,1.000089,44468235183,278.38797,282.905914,274.487915,277.416107,807053745,31.584988,32.358829,30.843948,31.22793,659575995
2022-09-03,0.06254,0.063025,0.062481,0.063023,300353,34.17885576745038,29.69171586709329,-65.82114423254963,979390.8613842416,-2.9818349753694706,99.8483583089462,-3.563777696168439,2,3,0,19969.71875,20037.009766,19698.355469,19832.087891,23613051457,1577.213745,1579.454346,1541.672119,1556.872681,9516825994,1.000089,1.00012,1.000034,1.000074,30873646175,277.431122,278.432281,274.775452,277.775574,490102253,31.228193,31.232313,30.858368,31.109484,314531753
2022-09-04,0.063024,0.063457,0.062707,0.063374,402198,40.67765228661357,33.364191816330255,-59.32234771338643,1292569.0373842418,-3.0726641481730677,100.01510536556113,-4.300685572770383,1,2,1,19832.470703,19999.689453,19636.816406,19986.712891,25245861652,1556.895874,1578.009277,1543.698853,1577.641602,8884144998,1.000076,1.000101,0.999975,1.000061,31495577330,277.781921,279.813141,275.453217,278.841858,512014471,31.10894,32.139351,31.081865,32.106956,392954663
2022-09-05,0.063374,0.063438,0.062674,0.062898,351392,31.86446954267718,35.57365919891372,-68.13553045732282,1147228.8907873847,1.9780148513246196,99.33847452043914,-3.1742610837438545,6,15,8,19988.789063,20031.160156,19673.046875,19812.371094,28813460025,1577.884033,1621.661377,1559.78186,1617.183228,13060541168,1.000062,1.000092,0.999966,1.000038,39598045837,278.854492,280.61264,273.719513,276.685913,665273781,32.108028,32.370533,31.211069,32.194649,512588616
2022-09-06,0.062898,0.063837,0.060702,0.060809,1205070,1.8968268037582507,24.812982877683,-98.10317319624174,24418.85250987485,-3.1688402681571235,96.91140612300192,-6.995702246761383,13,7,8,19817.724609,20155.269531,18800.171875,18837.667969,43403978910,1617.240234,1680.595337,1561.748535,1561.748535,22946059125,1.000027,1.000093,0.999967,1.000049,64015343588,276.751862,285.754181,262.597565,262.668396,1173656468,32.199669,33.785297,30.640547,30.891743,1196204019
2022-09-07,0.060806,0.06172,0.060267,0.06172,731398,23.91375905200784,19.22501846614776,-76.08624094799215,755816.8525098749,0.1070490154734431,98.76464187415988,0.0680955932423236,10,20,4,18837.683594,19427.171875,18644.466797,19290.324219,35239757134,1560.906738,1651.051147,1500.013672,1629.906372,19560363854,1.000011,1.000178,0.999987,1.000109,52755357561,262.61264,279.763855,259.993958,278.761322,963734560,30.8839,32.896896,30.488951,32.710918,779212909
2022-09-08,0.061719,0.061722,0.060271,0.061034,997075,12.623436471362693,12.811340775709596,-87.37656352863732,807354.1543706596,-3.474561528364248,98.12585266813352,-2.8105543081896145,16,13,2,19289.941406,19417.351563,19076.714844,19329.833984,32194477850,1629.805176,1655.064087,1603.063843,1635.347656,17621046717,1.000097,1.000173,1.000014,1.000102,49640976411,278.760223,282.063324,276.04892,280.577484,870477242,32.708031,33.796051,32.102501,33.608646,978070646
2022-09-09,0.061033,0.063477,0.061024,0.063242,907963,48.9631336405531,28.500109721307883,-51.0368663594469,1541349.5188223524,-2.4013086823667216,101.51203852327448,2.5756641904823794,21,7,2,19328.140625,21439.410156,19310.962891,21381.152344,48469528171,1635.187744,1735.809814,1632.836548,1719.085449,20242323690,1.000096,1.000303,1.000055,1.000235,70683518131,280.537018,294.955933,280.220825,293.407135,1139680146,33.606644,35.799934,33.6064,34.739765,1186140934
2022-09-10,0.063242,0.064511,0.063219,0.064506,616305,69.76629361421979,43.78428790871187,-30.233706385780216,2152884.356283648,1.5762538382804312,103.19002337842193,2.016415998481755,6,3,0,21376.912109,21760.275391,21168.722656,21680.539063,36913738894,1718.961304,1784.497803,1710.296997,1776.203735,13130928217,1.000235,1.00042,1.000167,1.000281,53524443076,293.395081,298.441864,291.247498,296.969055,851195253,34.732857,35.362141,34.369415,35.126728,731145106
2022-09-11,0.064508,0.064762,0.063719,0.063945,539293,60.53324555628706,59.754224270353326,-39.46675444371294,1847302.224931782,1.3712745719721064,102.15928646092472,-1.3163986542794417,4,3,0,21678.542969,21770.552734,21406.945313,21769.255859,34493951963,1775.976074,1782.729858,1730.164795,1761.800049,12464301922,1.000279,1.000343,1.000222,1.000276,47160062304,296.919739,297.875214,291.303497,295.161865,700835025,35.122841,35.899521,34.124435,34.965961,757216096
2022-09-12,0.063946,0.064552,0.063331,0.063728,1031624,56.96181698485857,62.42045205178848,-43.03818301514143,1486529.5402471116,1.899584266069729,101.62010460517922,0.3511534524840579,18,17,4,21770.148438,22439.181641,21603.896484,22370.449219,50212088965,1762.084839,1778.163452,1698.293457,1713.765259,17688391310,1.000281,1.000323,1.000098,1.000204,66834639114,295.174103,299.1763,291.150696,293.658722,998624528,34.967442,38.169079,34.507923,37.424183,1701399970
2022-09-13,0.063726,0.063782,0.060791,0.06093,934682,12.727970819735004,43.40767778696022,-87.272029180265,638722.0290468441,-3.3210097900766353,97.13166554696484,-3.408370323398857,19,15,5,22371.480469,22673.820313,20062.669922,20296.707031,51091116622,1713.962524,1745.779053,1564.03186,1580.787964,23066821734,1.000161,1.00034,0.999992,1.000025,71413926112,293.649231,297.687714,275.968964,277.576935,1136956066,37.421608,38.870384,32.870453,33.430817,1785181627
2022-09-14,0.060888,0.061542,0.060791,0.061475,497087,26.87430478309235,32.18803086256199,-73.12569521690766,1047114.4112039714,-2.996496986145735,98.05518844278356,-1.7029101375119866,19,12,5,20184.554688,20467.201172,19793.396484,20241.089844,37872380889,1574.858154,1642.157227,1564.03186,1634.755005,17897150206,1.000038,1.000213,0.999974,1.000142,55170613417,277.4133,282.150269,274.830566,279.385864,956413768,33.018276,34.283195,32.870453,34.091572,1003604224
2022-09-15,0.061475,0.061871,0.060789,0.061201,1204072,20.778642936596164,20.126972846474516,-79.22135706340384,760006.6699839991,-2.6980190149130294,97.58101437952564,-2.891008044682096,15,13,4,20242.289063,20318.166016,19636.734375,19701.210938,36389011503,1635.083008,1648.945679,1466.139404,1471.693481,26946275878,1.000138,1.000275,0.999939,1.000003,60606622307,279.383057,280.246796,268.010223,270.806885,1080164338,34.094292,34.715267,32.721893,33.047684,1139377803
2022-09-16,0.0612,0.061571,0.060777,0.061099,629183,18.509454949944377,22.05413422321097,-81.49054505005563,641143.3828303493,0.4769030900031222,97.89623790296736,-3.589800233534256,12,14,5,19704.005859,19870.628906,19400.076172,19772.583984,30123362273,1471.928345,1480.564209,1415.581299,1432.447754,16764804299,1.000002,1.000095,0.999891,0.999981,46290851147,270.812256,276.263245,269.129517,274.654572,803452434,33.044594,33.203125,31.641165,32.208858,765952525
2022-09-17,0.0611,0.062185,0.0611,0.062165,360818,42.22469410456056,27.170930663700375,-57.77530589543944,988659.3367474003,0.7209980557355816,100.14083761560994,-1.1653788673725676,3,2,2,19777.033203,20162.53125,19777.033203,20127.576172,24957448100,1432.876465,1473.060425,1415.042358,1469.741699,10798098671,0.999982,1.000137,0.999945,1.000098,34904822689,274.730011,279.531708,274.730011,279.249329,560951664,32.212246,33.848179,32.212246,33.750778,501302380
2022-09-18,0.062164,0.062407,0.060985,0.06099,647062,16.084538375973338,25.606229143492765,-83.91546162402666,346147.7024295429,-0.0720909656912465,98.92072995542044,0.2976533078985028,3,7,0,20127.234375,20127.234375,19387.492188,19419.505859,31254779144,1469.705444,1469.705444,1331.494751,1335.329102,15762284723,1.000096,1.000145,0.999949,1.000023,46056427438,279.220734,279.620758,264.743652,266.313171,789437105,33.748276,33.954716,30.979143,31.059855,694870049
2022-09-19,0.060989,0.061031,0.059504,0.060227,818121,13.750475465956669,24.019902648830197,-86.24952453404333,302750.32129005494,-4.767401410455083,98.48208424922971,-2.418988982501611,11,13,5,19418.572266,19639.480469,18390.318359,19544.128906,40177002624,1335.270752,1388.272217,1287.420898,1377.541382,18712714223,1.000008,1.000175,0.999945,1.000106,56769197831,266.251923,272.61911,257.186829,272.069824,1074224923,31.053614,32.989857,30.693249,32.685303,971182780
2022-09-20,0.060227,0.06046,0.059606,0.059621,418592,2.2251806770635048,10.68673150633118,-97.7748193229365,-101137.04170760204,-7.572938951415363,97.79018599834106,-2.3151030573123137,18,17,1,19545.591797,19602.457031,18813.455078,18890.789063,36791346508,1377.619019,1381.965698,1319.201416,1324.388184,14722317220,1.000104,1.000194,1.000037,1.00006,50515394641,272.130554,273.203125,265.693207,266.369598,845702947,32.687065,32.790112,31.389032,31.433041,819978937
2022-09-21,0.059622,0.06104,0.058922,0.059046,1452126,2.123287671232862,6.032981271417687,-97.87671232876714,-1383231.2909993876,-7.66127140511377,97.40143136899108,-6.634831283008136,18,11,6,18891.283203,19674.630859,18290.314453,18547.400391,46363793975,1324.215576,1384.476929,1229.426758,1252.607788,20643507800,1.000055,1.000194,1.000033,1.000086,63560607050,266.394745,275.833557,261.275177,264.792084,1057177278,31.43379,33.133961,30.195068,30.826378,1193686258
2022-09-22,0.059044,0.06025,0.058933,0.06023,722110,22.397260273972552,8.91524287408965,-77.60273972602745,-683053.2575901232,-5.488953050464486,99.58240626579556,-6.628840727994288,17,13,5,18534.650391,19456.910156,18415.591797,19413.550781,41135767926,1251.567383,1336.157837,1240.968262,1327.680176,18461527259,1.000106,1.000172,0.999971,0.999984,54330130153,264.607758,275.907654,264.028107,275.500275,843345381,30.815771,32.807045,30.638882,32.408905,833702543
2022-09-23,0.06023,0.060951,0.059404,0.060439,887015,25.97602739726024,16.83219178082189,-74.02397260273976,-383176.822554569,-0.8058427703922507,100.08398033677295,-5.482836812886077,16,11,2,19412.400391,19464.671875,18617.552734,19297.638672,38896078052,1327.481201,1353.28833,1270.198364,1328.259521,18771106339,0.999994,1.000048,0.999946,0.999981,58265731392,275.4935,277.381714,269.669464,276.626251,869618433,32.406239,33.909164,31.363554,33.676636,982495447
2022-09-24,0.060439,0.060743,0.059805,0.059807,513083,15.154109589041049,21.17579908675796,-84.84589041095896,-894071.8353477438,-2.7132980886539286,99.59296793224856,-6.1527115239769135,4,3,2,19296.990234,19310.197266,18861.974609,18937.011719,26149643168,1328.244629,1346.255249,1312.640259,1317.993286,12098209717,0.999982,1.000102,0.999955,1.00005,39015165939,276.627045,284.632446,275.135376,275.135376,818302597,33.675129,34.699177,33.274097,33.46265,872691785
2022-09-25,0.059807,0.060083,0.059667,0.05976,280778,14.884547069271742,18.671561351857687,-85.11545293072825,-1049309.6718862017,-2.354536690576948,99.80674253811466,-1.9202363367799071,3,6,0,18936.310547,19134.732422,18696.46875,18802.097656,23359966112,1317.938477,1333.371338,1275.627686,1294.216797,11802651633,1.000053,1.000137,1.000024,1.000055,35041309688,275.10434,279.201691,271.673126,274.061249,640533920,33.461063,33.985237,32.014919,32.335361,610529879
2022-09-26,0.059759,0.059777,0.059191,0.059407,1402841,9.979423868312736,13.33936017554185,-90.02057613168726,-1417974.3715448936,-2.769276092898409,99.41168033276756,-3.3639690931272876,2,21,10,18803.900391,19274.873047,18721.285156,19222.671875,44148798321,1294.386108,1335.526367,1282.049316,1335.32019,16034549271,1.000047,1.000157,0.99995,0.99999,57810071895,274.141785,276.446991,271.188324,275.927856,716989161,32.336349,33.881508,31.96015,33.880554,936313674
2022-09-27,0.059407,0.060705,0.059218,0.059269,760587,9.95695839311336,11.606976443565957,-90.04304160688665,-2126389.297570446,-4.658569934850794,99.26428014298088,-3.156811163216281,20,10,7,19221.839844,20338.455078,18915.667969,19110.546875,58571439619,1335.337036,1396.891479,1308.991455,1330.127686,17870598937,0.999984,1.000096,0.999951,0.99998,71681603882,275.925964,286.067993,270.822083,272.40155,927431127,33.878628,35.237244,32.271835,32.75013,1223724195
2022-09-28,0.059268,0.059699,0.058562,0.059692,817437,29.38881664499352,16.441732968806548,-70.61118335500649,-1319017.4849055384,-2.1282177406132163,99.81844416202424,-2.302820013420839,24,12,1,19104.621094,19688.34375,18553.296875,19426.720703,53071298734,1329.541382,1351.964478,1267.869263,1337.410889,18994979566,0.999978,1.000052,0.999911,0.999976,65738293663,272.334442,283.342438,266.976563,281.781219,857467325,32.738255,33.741096,31.727701,33.235439,998520503
2022-09-29,0.059694,0.061778,0.059545,0.060963,1203896,62.44473342002611,33.93016948604434,-37.55526657997389,-993917.0424514372,1.222043269629901,101.765644338563,-1.9335639025174851,16,7,8,19427.779297,19589.265625,18924.353516,19573.050781,41037843771,1337.554443,1348.107666,1293.193359,1335.652344,13796915736,0.999997,1.000097,0.999928,1.000079,52649004466,281.766663,285.233765,277.500641,283.789032,800888080,33.235283,34.338314,32.793049,33.95245,951223921
2022-09-30,0.060963,0.062118,0.06046,0.061052,1237032,64.75942782834858,52.197659297789414,-35.24057217165142,-1347567.927855535,2.400161017091296,101.76544826765092,0.1016560091818323,19,12,4,19573.431641,20109.849609,19265.662109,19431.789063,43975248085,1335.646484,1368.743408,1320.383179,1327.978638,14250100093,1.000076,1.000165,1.000009,1.000049,55223655589,283.83429,289.537109,280.893005,284.192291,905481572,33.951778,35.133347,32.735813,33.212444,1210784941
2022-10-01,0.061053,0.061298,0.060293,0.060356,501293,46.65799739921976,57.95405288253149,-53.34200260078024,-1786012.2532286686,2.2186092199302214,100.4739606990742,0.2141896491606707,2,3,2,19431.105469,19471.154297,19231.082031,19312.095703,18719537670,1328.193726,1332.516479,1306.102539,1311.644409,6227961237,1.000062,1.000107,0.999956,1.000043,27312920843,284.273407,285.192871,278.360901,282.871918,593375648,33.215691,33.225082,32.466942,32.469395,572976679
2022-10-02,0.060356,0.062097,0.060355,0.061013,1163219,68.9257592800899,60.114394835886095,-31.07424071991009,-2070473.386408923,1.3000166030217484,101.26590982378268,2.3347478237533714,2,4,0,19311.849609,19370.308594,18970.621094,19044.107422,20765955327,1311.753418,1316.330078,1275.33606,1276.093506,7578351650,1.000045,1.000106,0.999948,1.00006,30109417396,282.89505,287.379517,279.954437,284.433105,556343468,32.470421,32.998119,31.997139,32.055698,532211084
2022-10-03,0.061052,0.061442,0.060763,0.061411,368898,80.11811023622046,65.23395563851005,-19.88188976377953,-1735259.739869891,1.6082330945250596,101.44446332323318,4.005351759645021,10,12,1,19044.068359,19653.542969,19025.226563,19623.580078,30484729489,1276.163452,1326.554443,1271.150879,1323.439209,10153070907,1.000056,1.000158,0.999984,1.000089,40191505534,284.414886,288.632904,283.898651,287.031982,700566674,32.05711,33.204929,31.954931,32.967621,633204077
2022-10-04,0.061413,0.062253,0.061155,0.062193,354253,98.37442427526403,82.47276459719147,-1.6255757247359657,-1419722.9147332818,3.989499556908053,102.03220211868378,3.2591731695168513,15,8,6,19623.583984,20380.34375,19523.839844,20336.84375,35887278685,1323.27832,1364.970947,1320.07666,1362.126587,10139774963,1.000091,1.000256,1.000065,1.000251,44505643606,287.02417,297.994659,286.528961,296.298462,794566055,32.956772,34.341999,32.881382,34.122471,717157069
2022-10-05,0.062194,0.062509,0.06211,0.06236,469305,96.22498099822658,91.5725051699037,-3.775019001773414,-1300926.4109738776,4.350736278447118,101.67043982969528,3.178411290722876,17,11,4,20335.900391,20343.748047,19801.800781,20160.716797,33223790572,1361.9729,1362.451782,1320.855103,1352.837158,9774451820,1.00025,1.000305,1.000052,1.000109,41883470473,296.289459,296.333069,289.903748,294.137665,656837388,34.117191,34.311543,33.279221,34.073883,655950188
2022-10-06,0.062361,0.063082,0.06209,0.062917,673217,96.34955752212392,96.9829875985382,-3.650442477876075,-851662.6468609724,5.908394633629032,102.1138320712633,5.200060193622822,15,10,8,20161.039063,20408.392578,19900.087891,19955.443359,34711412966,1352.806641,1380.404907,1349.449951,1351.709473,12033514861,1.000105,1.000224,1.000088,1.000143,43958843047,294.155273,297.699371,279.803558,286.634155,1010110227,34.073753,34.457283,33.333324,33.342819,712289836
2022-10-07,0.062915,0.063071,0.062213,0.06231,315824,82.92035398230084,91.83163083421714,-17.07964601769917,-1096076.5582828843,5.130844117498177,100.83456630294064,4.267068273092364,12,7,8,19957.558594,20041.085938,19395.792969,19546.849609,29227315390,1351.836426,1359.328125,1321.746094,1332.516968,10061619355,1.000127,1.000212,1.000058,1.000122,38019451874,286.771942,286.958618,280.191467,283.182678,952606066,33.344467,33.728569,32.551998,33.001465,649212486
2022-10-08,0.062309,0.062549,0.061994,0.062034,475976,76.81415929203538,85.3613569321534,-23.18584070796463,-1503443.405129733,3.923473832339337,100.00000000000004,4.422037806992438,6,3,0,19546.328125,19601.695313,19299.414063,19416.568359,16437423167,1332.371338,1335.954834,1307.072998,1315.500488,5804676208,1.000125,1.00019,1.000044,1.000083,23441883205,282.994202,282.994202,276.049866,276.469574,604706997,33.000069,33.042526,32.445843,32.577934,367021196
2022-10-09,0.062035,0.062605,0.061984,0.06247,335671,86.4601769911504,82.06489675516222,-13.5398230088496,-1313716.318173208,2.47199120778176,100.36608177739016,5.400799743542147,3,3,1,19417.478516,19542.539063,19349.259766,19446.425781,16837262532,1315.460205,1327.668823,1309.344604,1322.604248,5486230123,1.000078,1.000182,1.000064,1.000158,22977760897,276.449554,279.280029,275.463043,278.238068,570350814,32.578014,33.103115,32.478024,32.913883,405849928
2022-10-10,0.06247,0.064876,0.062466,0.062937,1656764,69.29046563192911,77.52160063837165,-30.709534368070894,-2322898.704895192,3.0875319399855936,100.76345829683387,5.436239362058575,16,13,3,19446.416016,19515.466797,19102.978516,19141.484375,27425022774,1322.618652,1335.66272,1291.337646,1291.337646,8794491050,1.000159,1.000189,0.99994,1.000018,37843287016,278.244568,279.064301,271.806061,271.806061,655201928,32.912937,33.339455,31.970835,31.970835,640691958
2022-10-11,0.062935,0.062935,0.061409,0.061604,837651,48.17865061767494,67.9764310802515,-51.82134938232505,-2946471.1400197004,2.067731460003975,98.76234449147108,1.0514574413988742,17,13,5,19139.0,19241.960938,18925.603516,19051.417969,28711532910,1291.109619,1296.273926,1272.737671,1279.575684,9274845260,1.000009,1.000065,0.999889,0.999901,38468219592,271.731537,273.662842,268.446838,271.371399,584301468,31.966032,31.966032,30.579493,30.776869,733071932
2022-10-12,0.061605,0.064252,0.061347,0.061866,1616794,43.53779778653153,53.66897134537854,-56.46220221346848,-3985560.433651372,1.398062707947486,99.29471864409888,1.3332896547205584,14,15,7,19052.646484,19203.199219,19029.757813,19157.445313,24950173846,1279.7323,1303.075195,1277.527466,1294.906372,8355638578,0.999921,1.000044,0.999862,0.999992,33048616462,271.406616,272.735229,269.660156,270.971008,546926291,30.779692,31.46023,30.72917,31.165485,490127096
2022-10-13,0.061865,0.062067,0.059595,0.061054,1494345,27.62734330619191,39.78126390346614,-72.3726566938081,-3715949.6448164233,-0.5813290778525071,98.41183581831788,1.1564716018291423,20,14,2,19156.966797,19453.328125,18319.822266,19382.904297,44219840004,1294.917358,1297.564209,1209.278198,1288.123901,17499038202,0.999983,1.000136,0.999932,1.000079,60450860335,270.95871,273.492645,257.974518,271.85141,1124480167,31.164413,31.181086,28.197371,30.544519,1302451856
2022-10-14,0.061054,0.064983,0.060921,0.063726,2953521,76.67037861915377,49.278506570625744,-23.32962138084623,-2590383.2962196665,2.4649076262602008,102.38494712996138,4.44659334895843,17,12,7,19382.533203,19889.146484,19115.408203,19185.65625,38452356727,1288.048706,1339.744751,1285.378296,1297.422119,13113767755,1.000083,1.000153,1.000016,1.000074,48926387475,271.845917,276.52887,268.343018,269.567169,809144930,30.542488,31.909657,29.759932,30.007418,836283411
2022-10-15,0.063724,0.064945,0.061927,0.061934,1238783,43.411284335560545,49.23633542030209,-56.588715664439455,-3823419.7879360346,-0.6831302116741435,99.52868631353724,0.8516389571900842,1,3,2,19185.4375,19212.541016,19019.25,19067.634766,16192235532,1297.305908,1300.745972,1268.468506,1274.871704,6798512624,1.000073,1.000159,1.000017,1.000087,25527432092,269.559021,271.364502,267.884827,268.404083,491674298,30.006132,30.151255,29.534006,29.575348,547825492
2022-10-16,0.061933,0.061964,0.061362,0.06168,406168,38.69710467706009,52.92625587725814,-61.30289532293991,-3800480.0670058024,-1.9660822989017304,99.30059958463757,-0.824851671409965,2,4,3,19068.914063,19389.603516,19068.914063,19268.09375,17988916650,1275.005493,1312.634521,1275.005493,1306.296631,7491625206,1.000084,1.000149,1.000029,1.000057,27428821905,268.411591,273.743042,268.362305,272.519958,563344666,29.578842,30.444729,29.578842,30.16884,608389719
2022-10-17,0.06168,0.062872,0.061671,0.062614,1207227,56.03192279138831,46.046770601336334,-43.96807720861168,-3111928.4475220274,0.4878831648210651,100.8792159787147,0.4073123797306033,14,12,6,19268.5625,19635.802734,19173.333984,19550.757813,27472552998,1306.30957,1335.647827,1297.447266,1331.713623,9401189650,1.00006,1.000148,1.000012,1.000069,36706571573,272.501923,275.841522,270.427338,275.512573,594844795,30.168091,31.263992,29.88316,31.224876,658840500
2022-10-18,0.062616,0.062813,0.061897,0.062106,613564,46.60356347438754,47.110863647612,-53.39643652561245,-3445503.63529495,0.1160653834993755,99.94528484068236,-1.2889997933785768,13,9,10,19550.466797,19666.994141,19144.769531,19334.416016,30580012344,1331.669922,1339.085938,1291.660645,1310.447021,10416747806,1.000068,1.000198,1.000037,1.000106,39012357142,275.534515,275.815247,270.533203,273.214569,599934776,31.224253,31.411192,29.833694,30.164331,715092973
2022-10-19,0.062106,0.062959,0.061802,0.061802,902926,40.96139569413515,47.86562731997035,-59.03860430586485,-4348429.63529495,-1.0693132703697694,99.4707023885072,-0.8152784464772822,22,14,4,19335.027344,19348.416016,19127.6875,19139.535156,22425387184,1310.56311,1312.442383,1283.965332,1285.744263,8350692785,1.000105,1.00021,1.000036,1.00006,32767030077,273.22345,273.647705,270.684357,271.981354,497761035,30.164618,30.212551,28.830276,28.900799,697269954
2022-10-20,0.061804,0.062454,0.061641,0.062305,394745,50.29695619896062,45.95397178916112,-49.70304380103937,-4098375.914507745,-1.0041787819565715,99.99266336059354,0.4368572073379121,14,9,5,19138.085938,19315.199219,18971.458984,19053.740234,24493974420,1285.660278,1307.855103,1275.323975,1283.200928,9009111996,1.000068,1.000159,0.999964,0.999994,32981854458,271.953735,273.285156,267.860474,269.271271,539795617,28.894571,29.432121,28.073795,28.085096,803871622
2022-10-21,0.062305,0.062722,0.060937,0.061585,772268,36.933927245731255,42.73075971294236,-63.066072754268745,-4309938.40862539,-0.0308421531069381,99.32469483395003,-1.4166800064030685,10,13,6,19053.203125,19237.384766,18770.970703,19172.46875,32459287866,1283.18811,1305.081299,1260.666748,1299.946411,10412565245,1.0,1.000141,0.999928,1.000123,41430999058,269.244904,271.047913,264.52298,270.038422,593811687,28.080429,28.243172,26.986404,28.108677,967208274
2022-10-22,0.061585,0.061783,0.06139,0.06172,171729,39.4394951744617,42.22345953971787,-60.5605048255383,-4193267.561297147,-0.2359939223483016,99.59152812739158,-1.9336797114575048,6,2,0,19172.380859,19248.068359,19132.244141,19208.189453,16104440957,1299.902344,1317.101074,1295.946899,1314.299194,7175324564,1.000124,1.000196,1.000017,1.000085,24133042918,270.033081,271.007416,268.566895,270.479492,391459296,28.108328,28.14439,27.557684,28.013863,474234383
2022-10-23,0.061718,0.06182,0.061279,0.061807,281292,41.05419450631032,39.142538975501104,-58.94580549368968,-3925494.2156409537,1.2333344252628882,99.70272319381296,0.3295240568794263,4,3,2,19207.734375,19646.652344,19124.197266,19567.007813,22128794335,1314.249512,1367.760742,1302.908813,1363.447021,9909510925,1.000061,1.000203,1.000024,1.000077,31629519444,270.47998,276.569794,269.102539,276.008179,483765500,28.013676,29.331539,27.85796,29.270071,633157057
2022-10-24,0.061808,0.061826,0.061188,0.061194,336164,29.67706013363024,36.72358327146743,-70.32293986636977,-4255335.381785155,-3.973260521608145,99.03796133811464,-1.0862186014935489,16,10,6,19567.769531,19589.125,19206.324219,19345.572266,30202235805,1363.491821,1368.425537,1327.854004,1344.998535,13092820173,1.00007,1.000175,1.000041,1.000057,40494105063,276.000763,276.875458,271.884888,273.977417,535946814,29.27252,29.413946,28.215033,28.310064,667625312
2022-10-25,0.06119,0.062648,0.06103,0.062449,550402,52.96956198960648,41.23360554318236,-47.03043801039352,-3840322.748905055,0.8315303387476904,100.98899880331372,2.2848625806662963,17,15,2,19344.964844,20348.412109,19261.447266,20095.857422,47761524910,1344.711304,1509.985474,1336.978882,1461.665405,25367291294,1.000046,1.000255,1.000015,1.000208,64740988487,273.951355,289.601807,272.366516,284.432526,940035659,28.30999,32.191311,28.119305,30.939976,1336242036
2022-10-26,0.062452,0.063481,0.062273,0.063384,848114,70.32293986636962,50.98985399653546,-29.677060133630366,-3128412.487315652,2.7626459143968827,102.12777711281548,-0.5366726296958996,19,9,5,20092.236328,20938.134766,20076.117188,20770.441406,58895950537,1461.133179,1584.636719,1460.428711,1566.56665,32705548427,1.0002,1.000277,1.000119,1.000199,78294376043,284.356201,291.702393,284.163818,290.376984,1017326051,30.928865,31.837549,30.765102,31.284721,1250974763
2022-10-27,0.063385,0.063725,0.063064,0.06313,719370,54.38207779419017,59.224859883388774,-45.61792220580983,-3704126.148435147,0.8240968473504369,101.52572317348584,1.9310879323150492,21,8,2,20772.802734,20854.044922,20255.373047,20285.835938,49625110402,1566.841431,1574.403442,1510.816772,1514.374878,22813499245,1.000204,1.000263,1.000056,1.000092,68447928073,290.391998,293.069458,285.225311,286.844116,874526054,31.287027,32.203964,30.585346,30.630625,1275994871
2022-10-28,0.063132,0.063332,0.062691,0.063279,464857,58.433133732534955,61.04605046436493,-41.566866267465045,-3316140.976828279,1.888706405178244,101.37082544746352,2.592412451361873,15,14,3,20287.957031,20724.980469,20086.068359,20595.351563,43994715910,1514.32312,1568.633911,1493.871094,1555.477905,19974623205,1.000097,1.000225,1.000053,1.000146,61718295435,286.841156,300.721802,286.136688,298.014191,1072756219,30.630795,32.448708,30.189333,32.111263,1063403956
2022-10-29,0.063277,0.063945,0.063253,0.063779,657760,94.48138297872345,69.09886483514953,-5.5186170212765715,-2973953.693591285,3.1989256011132317,101.69262588207428,1.860606254192352,6,1,1,20595.103516,20988.394531,20566.484375,20818.476563,40369840645,1555.274658,1652.382202,1549.983643,1619.698486,21618154775,1.000141,1.000346,1.000122,1.000226,67603092351,298.003784,307.914978,295.945251,304.217957,1397370727,32.109062,33.73914,31.916813,32.857128,1165931963
2022-10-30,0.063774,0.064415,0.063073,0.063232,785021,65.98619896492228,72.96690522539357,-34.01380103507771,-3572956.304619609,1.4878420672498152,100.49427059328364,1.8130293369400623,4,1,2,20817.982422,20917.005859,20547.462891,20635.603516,31486345556,1619.697876,1637.037842,1579.485229,1590.783325,13930073427,1.000226,1.000346,1.00017,1.000179,52873524542,304.229919,318.069275,302.534363,313.754791,1451550019,32.857777,33.479279,32.061623,32.965931,731319297
2022-10-31,0.063233,0.063317,0.062377,0.063019,724135,59.86198964922387,73.44319053095654,-40.13801035077613,-3307953.7088749185,2.328489080133157,99.74246617466176,1.9691919355360712,13,12,2,20633.695313,20795.320313,20287.458984,20495.773438,45668466815,1590.481323,1630.452881,1555.918945,1572.714478,19306919714,1.000185,1.000252,0.999919,0.999947,67168423338,313.671356,336.795319,307.625336,326.360718,2168405759,32.961021,34.307743,32.286266,32.611038,1174404933
2022-11-01,0.063012,0.063281,0.062529,0.062832,215789,54.48533640023001,60.111175004792074,-45.51466359976999,-3349848.9136621547,1.8016850291639697,99.36045001186024,0.8458390177353339,10,8,7,20494.898438,20647.289063,20359.845703,20485.273438,39819303159,1572.645386,1606.605713,1568.098511,1579.70459,14507311208,0.999956,0.999985,0.999774,0.999924,56795449219,326.277863,334.206238,317.935516,324.579437,1329110451,32.607609,33.325981,32.201412,32.248425,729292793
2022-11-02,0.062815,0.062815,0.061747,0.061805,2232699,24.95687176538241,46.434732604945445,-75.04312823461758,-5340045.026021723,-0.0032358794311356,98.0862708467475,0.3572298449297685,17,12,8,20482.958984,20742.810547,20087.134766,20159.503906,55552169483,1579.497925,1613.410645,1507.244751,1519.711792,23254218281,0.999918,1.000079,0.999865,0.999996,76399032768,324.467987,329.039459,316.280914,320.150543,1411029750,32.245979,32.834824,30.294113,30.788076,1166999748
2022-11-03,0.061846,0.062403,0.061794,0.06188,506527,27.113283496262188,35.51849722062489,-72.88671650373782,-5703513.497286097,1.1210249370853338,98.48440064934768,0.259235255994816,21,12,4,20162.689453,20382.095703,20086.240234,20209.988281,43228750179,1519.724854,1556.759644,1517.101685,1531.541748,14248351007,0.999979,1.000048,0.999944,1.000007,61590549857,320.174438,338.642578,318.495575,329.71698,1514834239,30.792919,32.143494,30.677149,30.84388,832207929
2022-11-04,0.061879,0.06348,0.061706,0.063478,858098,72.31905465288054,41.4630699715084,-27.680945347119454,-4847350.329304124,1.6477445595606162,100.98198965967843,2.7035772647111265,16,10,6,20208.769531,21209.560547,20188.019531,21147.230469,64072727950,1531.397583,1661.334717,1529.268433,1645.093384,20806964347,1.000007,1.000119,0.999959,1.000076,88078834184,329.670959,358.182007,328.739838,354.406372,1938879952,30.841738,34.104263,30.73159,33.780853,1364403572
2022-11-05,0.063478,0.064636,0.063476,0.063591,869246,71.02052135329993,56.81761983414757,-28.979478646700077,-5544245.829304138,0.3265808405906836,101.20499184925322,3.917050691244234,6,4,0,21144.832031,21446.886719,21097.634766,21282.691406,37846047609,1645.156494,1660.48645,1625.964233,1627.968018,11006973190,1.000075,1.00018,1.00004,1.000119,57121137337,354.419464,360.309326,347.019623,349.253723,1231594445,33.777416,38.549622,33.735134,36.765762,2470595904
2022-11-06,0.063603,0.065189,0.062973,0.063002,1325015,47.41524404905034,63.584940018410286,-52.58475595094966,-6834580.833816772,-0.2027562173293253,100.32005859779302,0.885522586430535,5,2,1,21285.056641,21345.376953,20920.191406,20926.486328,35082693210,1627.901123,1634.132446,1572.234741,1572.234741,11632744705,1.000121,1.000164,0.999994,1.00009,51095877870,349.288147,354.488098,339.192413,339.389374,1143505730,36.772167,36.902027,32.546303,32.683582,1650006613
2022-11-07,0.063003,0.063042,0.061966,0.062207,849162,28.30007213272418,48.91194584502483,-71.69992786727582,-7303356.138649489,-1.6940849254887145,99.23745712690436,-1.8569355042281928,5,20,4,20924.621094,21053.246094,20489.972656,20602.816406,53510852236,1572.016968,1604.475342,1550.415527,1568.591309,15279963349,1.000101,1.000165,1.000039,1.000094,72598608064,338.897156,344.041901,327.683777,337.014557,1811518274,32.678947,33.067505,28.926735,29.601345,2545092967
2022-11-08,0.062205,0.062802,0.057552,0.058722,5547314,15.32015189210429,30.34515602462628,-84.67984810789571,-10378153.041506622,-7.928942128286738,94.56364953932156,-6.9824172342784765,9,13,4,20600.671875,20664.607422,17603.544922,18541.271484,118992465607,1568.32959,1574.799805,1259.443115,1332.835571,42048003440,1.000094,1.000515,1.000014,1.000032,162734866334,336.98764,388.715515,302.751892,327.690277,5390603525,29.597441,31.060968,21.783983,24.152937,6120104231
2022-11-09,0.05873,0.063689,0.05322,0.053574,16203943,2.957640571476259,15.525954865434924,-97.04235942852374,-25486251.964326397,-15.27391194331984,87.93867568366107,-15.33684160622008,14,22,5,18543.761719,18590.458984,15682.692383,15880.780273,102905151606,1333.122437,1335.74353,1083.285645,1100.1698,38864492427,1.000043,1.000043,0.998526,0.9986,143975136007,327.819672,332.061005,261.730255,266.853119,3191459132,24.159435,24.159435,12.505624,13.940857,4647808136
2022-11-10,0.053579,0.05991,0.052969,0.057786,17707661,39.41898527004907,19.23225924454322,-60.58101472995092,-18615955.02253128,-8.303844872181418,95.77185339520788,-9.396509822982496,6,28,5,15883.158203,18054.3125,15834.018555,17586.771484,83202283721,1100.107178,1341.791138,1093.122559,1299.4646,28581002122,0.998634,0.998975,0.981525,0.997835,114807119109,266.885773,311.074005,264.467743,304.080048,2461275687,13.985069,18.675638,13.411027,17.681408,4084381465
2022-11-11,0.057783,0.057894,0.054467,0.055679,4490904,22.17675941080195,21.51779508410911,-77.82324058919805,-19930333.987223435,-11.384326457855868,94.01583844114616,-11.94490131578947,6,26,4,17583.251953,17650.943359,16543.482422,17034.292969,55871616488,1298.882446,1302.295288,1211.32959,1287.221069,20920539099,0.997814,0.998569,0.996885,0.998218,74933538836,303.986877,304.912781,280.626862,289.820557,1625174426,17.66345,18.136482,15.507472,16.326746,2191908978
2022-11-12,0.055686,0.055745,0.053217,0.054888,2386099,15.70376432078558,25.76650300054555,-84.29623567921442,-19162025.211115845,-11.191651160909313,94.6675930990642,-12.90245798886051,1,10,1,17036.875,17066.675781,16651.775391,16799.185547,29717699419,1287.438354,1288.150879,1242.152222,1255.268311,10964962767,0.998198,0.998823,0.997773,0.998616,40298138489,289.857635,290.369171,272.046112,282.341278,1189401392,16.340282,16.408434,14.538013,14.539001,866923655
2022-11-13,0.054887,0.055836,0.05071,0.050855,4666568,1.0014503764072056,12.960658035998264,-98.9985496235928,-23564585.26730001,-17.816742081447963,90.41784456111208,-19.061942959001783,1,10,1,16799.722656,16920.765625,16320.634766,16353.365234,27209183682,1255.441284,1271.712524,1208.520996,1221.819214,10717455214,0.998617,0.999066,0.998463,0.998755,40189889540,282.365265,286.084473,274.052704,276.579437,956106804,14.537562,14.660888,13.122664,13.164529,880792311
2022-11-14,0.05086,0.052173,0.045793,0.049922,13808130,21.287894411218815,12.664369702803883,-78.71210558878118,-19500060.48046614,-21.355430227795463,91.6177712059482,-19.226599789661027,9,21,1,16352.02832,17109.324219,15872.941406,16618.199219,49630243054,1221.895508,1284.217651,1178.429077,1241.604248,15028035663,0.99875,0.999134,0.998576,0.999013,65634612428,276.622253,290.719635,268.233032,278.57843,1541330420,13.165713,14.889988,12.254618,14.001356,1365413449
2022-11-15,0.049925,0.051388,0.049466,0.050556,8376748,24.556609610228897,15.615318132618322,-75.4433903897711,-18375606.274430815,-20.498183705241303,94.81112361356696,-18.29993535875889,9,19,6,16617.484375,17051.962891,16542.550781,16884.613281,36599436183,1241.677734,1283.19873,1238.688232,1251.736206,11798011594,0.999021,0.999243,0.998756,0.99913,47859299075,278.628021,281.882538,274.093109,276.874023,1116291060,13.999627,14.969863,13.932036,14.301294,833458645
2022-11-16,0.050561,0.051179,0.049596,0.050072,2133352,22.061249742214883,22.635251254554216,-77.93875025778512,-19225982.213786475,-20.52315799498429,94.79281043276951,-21.119127886826945,11,22,3,16884.341797,16960.294922,16430.111328,16669.439453,33925512989,1251.808838,1264.486328,1192.987793,1215.602539,11939561598,0.999136,0.999406,0.998988,0.999229,45661177296,276.863007,279.791992,269.650177,272.081604,908816092,14.299587,14.562107,13.711964,14.285508,487495993
2022-11-17,0.050073,0.050282,0.049091,0.049884,1273336,21.09197772736646,22.569945693270096,-78.90802227263354,-18803675.144097146,-19.80966772228206,96.4991598868058,-21.554937019389538,9,25,3,16670.425781,16726.439453,16460.683594,16687.517578,27868914022,1215.848633,1224.965698,1189.15271,1200.808594,9723646871,0.999231,0.999645,0.999203,0.999402,37744442250,272.088318,273.222473,264.398499,267.911316,854777255,14.286023,14.46369,13.078255,13.638735,673219780
2022-11-18,0.049882,0.050955,0.049882,0.050449,825296,24.00494947411838,22.38605898123326,-75.99505052588161,-18756757.104954556,-14.088416607063795,99.02334658718097,-19.924764293197043,6,18,3,16687.912109,16947.058594,16564.611328,16697.777344,26862218609,1200.802124,1226.737427,1200.802124,1212.300293,7979913378,0.999396,0.999468,0.99908,0.999163,34879098921,267.914124,274.505951,267.913544,273.919983,685307608,13.638845,13.790632,13.039168,13.247497,357193046
2022-11-19,0.050453,0.052339,0.050399,0.051992,1262597,31.960197978964725,25.685708393483207,-68.03980202103529,-17945831.4028927,-2.9529249262702058,102.88751307494417,-16.4209815615606,5,11,1,16696.220703,16797.876953,16570.410156,16711.546875,16106223492,1212.215454,1227.83728,1200.475586,1218.426758,5978745776,0.999175,0.999292,0.999046,0.999102,23288439137,273.887207,274.262451,269.649536,272.397675,551451228,13.24739,13.255353,12.644581,12.851014,314294255
2022-11-20,0.051989,0.052107,0.0499,0.04994,799061,23.172776039338395,26.379307830807186,-76.82722396066161,-18715927.799358495,-13.577683175855745,99.08308887093804,-14.955212697115227,0,9,2,16712.919922,16746.779297,16248.692383,16291.832031,21313378652,1218.436279,1224.077759,1137.933228,1142.466675,9651002684,0.999087,0.999207,0.99877,0.998982,33834889406,272.430298,273.650482,262.555298,264.235138,720361905,12.852312,13.416734,12.203308,12.252833,508411732
2022-11-21,0.049931,0.051302,0.049416,0.051215,2961861,30.297273133661136,28.47674905065477,-69.70272686633885,-16027324.38896614,-8.017385369708514,101.24171156822212,-4.403255310411767,6,20,3,16291.223633,16291.223633,15599.046875,15787.28418,37429485518,1142.395752,1142.395752,1084.8573,1108.353027,14080099208,0.998995,0.999169,0.998646,0.999089,54558293762,264.235779,264.742554,250.656937,254.168259,1094850661,12.254122,12.257598,11.341638,11.846209,504498729
2022-11-22,0.051212,0.052263,0.049327,0.050492,3678296,26.2572641931158,26.575771122038457,-73.74273580688421,-16786536.710492022,-8.009036583588394,99.8305295387014,-12.622434499705804,9,25,2,15782.300781,16253.047852,15656.606445,16189.769531,30726828760,1107.895996,1136.442627,1081.138184,1135.173462,12040670755,0.999081,0.999309,0.998874,0.999157,44056204568,254.019089,266.892151,252.389954,266.324341,800429058,11.842515,12.465628,11.010652,12.435625,529418278
2022-11-23,0.050495,0.051549,0.05031,0.051396,2655194,39.68973577955655,32.081424368777846,-60.31026422044345,-14787104.90903924,1.063808868351194,101.23927871952456,-7.692307692307695,12,15,6,16195.588867,16638.193359,16170.50293,16610.707031,32958875628,1135.421509,1184.997314,1130.022827,1183.199585,11242676044,0.999166,0.999235,0.998954,0.999194,45720458651,266.420349,300.020203,265.034973,297.847443,1920236928,12.43792,14.402455,12.427633,14.351512,859905329
2022-11-24,0.051397,0.053195,0.051293,0.052825,1695943,58.110899925625944,41.35263329943278,-41.88910007437404,-13750992.518923577,5.815071511558021,103.2000312579366,-3.758562891706753,10,16,3,16611.636719,16771.474609,16501.767578,16604.464844,26129037414,1183.345093,1211.627441,1180.379761,1203.983154,9706372376,0.999191,0.999507,0.999123,0.999421,36841695607,297.945862,303.064636,294.531555,300.427826,1219177799,14.353003,14.85401,13.916857,14.582351,620159372
2022-11-25,0.052829,0.053044,0.052108,0.052891,1016463,70.67609280095591,56.15890950204615,-29.323907199044086,-13066834.73046204,4.6186407152464675,102.62951454050022,4.0035394749778845,9,15,4,16602.269531,16603.316406,16388.404297,16521.841797,18678255976,1203.799438,1203.799438,1174.823364,1198.925903,5483308196,0.999417,0.99959,0.999404,0.999578,25728613650,300.333832,304.163269,294.912323,300.577698,949045515,14.580628,14.581173,13.961507,14.063138,323667943
2022-11-26,0.052891,0.053426,0.052592,0.052678,577504,68.55521258588075,65.78073510415423,-31.44478741411924,-13525237.186097529,5.204505512062639,102.02220580626778,5.520612154961743,0,6,2,16521.576172,16666.863281,16416.228516,16464.28125,18000008764,1198.790527,1227.038086,1198.0979,1205.897949,5074160558,0.999577,0.999626,0.999507,0.999574,25190862393,300.571747,316.962128,300.389465,311.388458,1221554861,14.0628,14.887809,14.031248,14.159194,333271818
2022-11-27,0.052676,0.053899,0.052674,0.053252,646567,92.01825808043422,77.08318782242365,-7.981741919565773,-13561656.062015897,6.751663860155567,102.19740150075803,5.3327003718648704,4,7,0,16463.882813,16594.40625,16437.025391,16444.626953,20443898509,1205.905273,1220.349487,1195.039063,1195.126953,4486976868,0.999568,0.999654,0.999503,0.999604,27588594951,311.37204,316.219879,307.156372,307.429291,793779029,14.159537,14.409466,14.082966,14.115767,225035409
2022-11-28,0.053245,0.053742,0.052041,0.05295,1597905,80.2620632279533,80.27851129808944,-19.7379367720467,-13451747.252492089,4.957481813316411,101.13674812542976,5.747723278478987,9,25,3,16440.222656,16482.933594,16054.530273,16217.322266,27743025156,1194.960327,1198.737671,1156.0625,1170.086182,7275411870,0.9996,0.999773,0.999593,0.999662,37268352299,307.399567,309.0961,289.493683,293.527252,1154829072,14.113132,14.145077,12.824841,13.404518,447463511
2022-11-29,0.052951,0.054157,0.052847,0.053404,2568186,85.1362021318595,85.8055078134157,-14.863797868140498,-13835994.928827954,2.71580243114326,101.1997964244334,7.0563707802100915,9,21,3,16217.639648,16522.257813,16139.396484,16444.982422,23581685468,1169.87439,1222.164185,1163.477539,1216.901245,7639405818,0.999662,0.999779,0.999606,0.999744,31450915067,293.491821,304.822815,289.763641,295.498169,986451640,13.403423,13.897473,13.280128,13.369734,265372933
2022-11-30,0.053406,0.054873,0.053379,0.054814,1524149,98.97959183673476,88.12595239884921,-1.0204081632652473,-12432227.175146556,9.75971165398479,102.91941826218974,8.65230232512042,12,19,6,16445.476563,17190.9375,16445.476563,17168.566406,29523576583,1216.928711,1302.038696,1215.497925,1295.688599,9836925304,0.999733,1.000053,0.999651,1.000015,37405224166,295.548218,304.65097,294.382263,300.794342,1009620336,13.371024,14.21945,13.308285,14.115445,331594403
2022-12-01,0.054815,0.054865,0.05418,0.054227,763957,88.35196538045436,90.82258644968287,-11.648034619545642,-13091349.199964076,5.881089524553356,101.4358017829275,4.29873826742576,11,18,4,17168.001953,17197.498047,16888.388672,16967.132813,22895392882,1295.769531,1295.999878,1267.708496,1276.273926,6857935276,1.000029,1.000094,0.999956,1.000044,29913541569,300.754364,301.479675,290.553711,292.016205,1433086340,14.133452,14.154324,13.441185,13.480968,232200065
2022-12-02,0.054233,0.054391,0.053929,0.054335,984348,90.29931482149304,92.54362401289406,-9.700685178506983,-12345631.018145896,7.611106709973855,101.24713836980249,8.800560672807375,11,19,5,16968.683594,17088.660156,16877.880859,17088.660156,19539705127,1276.328613,1294.303345,1269.243164,1294.303345,6213645709,1.000042,1.00014,1.000017,1.000065,26380777290,292.028564,293.527496,286.140686,293.527496,854253818,13.482586,13.773052,13.377079,13.71564,245049936
2022-12-03,0.054341,0.054457,0.053771,0.053783,724728,80.3461954561846,86.33249188604401,-19.65380454381539,-13045004.102694005,4.644330298077672,99.92462144838296,5.014156008981745,3,4,1,17090.097656,17116.041016,16888.140625,16908.236328,16217776704,1294.456543,1299.840332,1241.431885,1243.334839,5672609405,1.000055,1.000105,1.000028,1.000061,20609261957,293.500366,294.04303,289.704468,290.563141,634607105,13.716783,13.730709,13.278402,13.302458,161314094
2022-12-04,0.053782,0.054122,0.05316,0.053202,1116638,69.87017670393075,80.17189566053614,-30.129823296069244,-14064139.408307308,0.7136772361571271,98.85828809577532,5.367186881090068,3,5,1,16908.169922,17157.767578,16903.439453,17130.486328,16824520830,1243.219238,1281.49231,1242.911743,1280.256592,5174128454,1.000061,1.000169,1.00002,1.00012,21649754992,290.553101,292.337616,288.504059,292.2883,633441009,13.301778,13.724018,13.299368,13.718219,141802483
2022-12-05,0.053196,0.05394,0.053079,0.053183,1624718,69.52758745041474,73.24798653684337,-30.472412549585258,-15296358.750932164,0.5520788035771692,98.7618981928542,3.476924274262596,11,14,5,17128.894531,17378.152344,16922.431641,16974.826172,22209086834,1279.998901,1302.237549,1252.472412,1259.676758,6120359523,1.000125,1.000205,1.00004,1.000054,28743587598,292.208893,296.91217,286.538696,288.474274,705616866,13.716101,14.13532,13.630226,13.831113,335440747
2022-12-06,0.053182,0.053581,0.052723,0.053577,634757,71.59763313609469,70.33179909681341,-28.402366863905307,-14667520.23111864,1.7065947834010344,99.44792255005687,1.4235683861807906,13,21,3,16975.238281,17091.863281,16939.921875,17089.503906,19889922369,1259.854248,1271.923218,1247.629883,1271.653809,5089212680,1.000076,1.000151,1.000036,1.000077,25563996757,288.461761,290.601624,287.10788,290.354462,610280514,13.830925,14.322913,13.828653,14.288855,279979830
2022-12-07,0.053577,0.053952,0.052706,0.053173,1662178,52.513966480446925,64.54639568898547,-47.486033519553075,-15083731.736736627,-0.1483512356343474,99.12938105891124,0.5331719952354796,9,23,4,17089.505859,17109.376953,16750.558594,16848.126953,19675404389,1271.553101,1272.694092,1224.447998,1232.4375,5752205180,1.000065,1.000122,0.999981,1.000002,25829885797,290.384613,290.485687,282.020813,284.284424,759320494,14.292367,14.31063,13.497425,13.519653,223134812
2022-12-08,0.053176,0.054094,0.052997,0.054094,525650,72.49293785310753,65.5348458232164,-27.507062146892466,-14558081.736736627,2.1605288007554413,100.8821170809944,2.688029158282396,15,25,2,16847.349609,17267.916016,16788.783203,17233.474609,20496603770,1232.451782,1286.229736,1226.358521,1281.116333,6227269815,1.000016,1.000134,0.999982,1.000127,25868764140,284.295166,291.511719,282.809204,290.53717,646645162,13.519829,13.753017,13.310491,13.689222,195918913
2022-12-09,0.054088,0.055068,0.05408,0.054594,682394,84.34093161546079,69.7826119830051,-15.65906838453921,-14530454.44928724,2.228297505804802,101.74438108017443,2.5200931420416057,12,16,3,17232.148438,17280.546875,17100.835938,17133.152344,20328426366,1281.077271,1290.05542,1260.818726,1264.28479,5706183865,1.000121,1.000157,1.000038,1.000057,25000886944,290.522003,291.570587,285.575623,286.090424,644239750,13.689074,13.979892,13.536896,13.580188,211833041
2022-12-10,0.054593,0.055927,0.054531,0.054788,632883,70.68965517241394,75.84117488032744,-29.310344827586057,-14930313.192840246,-0.0474331375196085,101.83345680290805,3.4711992445703617,1,10,2,17134.220703,17216.826172,17120.683594,17128.724609,12706781969,1264.375488,1279.527954,1262.119873,1266.384155,3282499999,1.000061,1.000088,1.000025,1.000046,16256414916,286.106506,289.492615,286.106506,288.125214,439735200,13.581316,13.695787,13.568408,13.576996,109293691
2022-12-11,0.054796,0.054972,0.053806,0.053833,494861,46.11425630468352,67.04828103085276,-53.88574369531648,-15402256.101931157,-0.7265753222564378,99.89105136755715,0.8033106134371936,0,8,1,17129.710938,17245.634766,17091.820313,17104.193359,14122486832,1266.417847,1281.783203,1260.663696,1263.86853,3362005848,1.000033,1.000103,1.000033,1.000078,17036610394,288.144257,290.936432,284.188293,284.390411,496833486,13.576214,13.778305,13.41336,13.42781,117436002
2022-12-12,0.053833,0.053833,0.052187,0.053301,1556925,29.78609625668459,48.8633359112607,-70.2139037433154,-14851751.636560556,-1.9030091101499955,98.87295950816196,-2.760243733352794,7,22,4,17102.5,17212.564453,16899.394531,17206.4375,19617581341,1263.573486,1275.610352,1243.477783,1274.619019,5151109364,1.000085,1.000212,1.000024,1.000107,25872687355,284.434387,285.537445,273.530853,276.278198,974762447,13.426751,13.458085,12.951157,13.318544,205298705
2022-12-13,0.053301,0.054372,0.052581,0.054362,948798,58.15508021390383,44.685144258424,-41.84491978609617,-13913548.812439948,1.076548351709654,100.63176823705192,0.2489534733619842,13,21,5,17206.441406,17930.085938,17111.763672,17781.318359,26634741631,1274.662476,1341.439331,1258.472412,1320.549194,8812883119,1.000111,1.000573,0.999972,1.000017,37452330494,276.284485,280.687347,257.440369,271.951691,1925504273,13.318247,14.05765,12.828972,13.833986,315949878
2022-12-14,0.054365,0.057686,0.054365,0.055841,1761695,66.44844517184946,51.463207214145974,-33.551554828150536,-14109292.701328836,4.960339836848243,102.6453928831211,2.771694119812276,13,19,6,17782.066406,18318.53125,17739.513672,17815.650391,25534481470,1320.688599,1346.174438,1305.833374,1309.328735,7830915428,1.000028,1.000132,0.999964,1.000105,31427740393,271.958069,277.857086,266.14624,268.231537,1026628081,13.836178,14.887667,13.831062,14.140526,441479811
2022-12-15,0.055841,0.055991,0.055473,0.055798,714979,65.666484815421,63.423336733724774,-34.33351518457901,-13927097.280479413,4.916984750766221,102.1094487303832,3.7465370098358273,14,17,3,17813.644531,17846.744141,17322.589844,17364.865234,20964448341,1309.190796,1311.067139,1262.689331,1266.353882,6032859783,1.000109,1.000186,1.000039,1.000078,24979746073,268.15036,268.15036,257.081207,258.273712,709349174,14.140318,14.467164,13.909064,14.021511,272679087
2022-12-16,0.055798,0.056061,0.053,0.053089,1618256,16.402982360429156,49.50597078256655,-83.59701763957084,-15451250.187372586,-0.9108386061183014,97.5357731515018,-0.2123980301492462,9,21,4,17364.546875,17505.525391,16584.701172,16647.484375,24031608960,1266.460571,1278.156982,1162.175659,1168.259399,9297811507,1.000077,1.00018,1.000023,1.000157,31897990627,258.268768,264.247589,227.34523,231.232437,1264053277,14.021939,14.145012,12.14768,12.266606,358747840
2022-12-17,0.053094,0.054786,0.05214,0.054778,2224584,47.565813198701775,43.21176012485066,-52.434186801298225,-13240117.942474628,3.0184492129464244,100.64146644899505,2.99907865295301,5,4,0,16646.982422,16800.589844,16614.029297,16795.091797,14463581825,1168.066772,1189.045044,1165.407837,1188.149536,5077258586,1.000129,1.000296,1.000073,1.000161,21306704152,231.220749,243.581955,221.003189,242.529282,1196953526,12.265799,12.511941,11.987808,12.504404,222801055
2022-12-18,0.054774,0.054951,0.053678,0.053893,1160651,31.608366390191197,31.8590539831074,-68.39163360980879,-14008718.722521748,-0.3715754057751317,98.9999002786948,0.5898053269126748,2,2,1,16795.609375,16815.386719,16697.820313,16757.976563,10924354698,1188.12854,1194.214478,1176.185791,1184.71521,3350092519,1.000134,1.00022,1.000075,1.000155,14422416298,242.516907,253.339691,240.03653,251.156387,925487110,12.504684,12.568932,12.312158,12.41312,110722042
2022-12-19,0.053895,0.054128,0.053383,0.053647,978479,27.172737107825473,35.4489722322395,-72.82726289217453,-14293725.35742108,-1.7346228523280882,98.4586060072154,0.8914298610196946,6,15,6,16759.041016,16807.527344,16398.136719,16439.679688,17221074814,1184.758301,1192.923828,1160.377197,1167.609863,4943628091,1.000149,1.000207,1.000048,1.00008,21820408554,251.242676,252.933014,238.650787,240.657806,751196285,12.41585,12.566923,11.73771,11.932655,206060595
2022-12-20,0.053644,0.055002,0.053636,0.054909,894787,49.927875946628184,36.2363264815483,-50.07212405337181,-13520776.11876808,0.2208512813024679,100.63044075872811,1.5066365955558774,11,17,4,16441.787109,17012.984375,16427.867188,16906.304688,22722096615,1167.88269,1224.092651,1165.599487,1217.703613,6684951715,1.000072,1.000199,1.000052,1.000111,26224288350,240.668228,252.628662,239.801437,251.744537,667866377,11.934521,12.43645,11.875389,12.280515,177388342
2022-12-21,0.05491,0.055426,0.054614,0.054862,2374728,49.080418319509576,42.060343791321095,-50.91958168049042,-14444931.350295186,1.911466944067769,100.80267523413548,0.4908964355057412,10,17,8,16904.527344,16916.800781,16755.912109,16817.535156,14882945045,1217.586426,1218.192261,1206.440063,1213.599976,4217182733,1.000094,1.000191,1.000037,1.000077,18469483242,251.694321,251.694321,245.757248,246.046982,479296549,12.279061,12.279061,11.929597,12.128985,167974882
2022-12-22,0.054862,0.055694,0.05481,0.055664,1209394,63.54129102055532,54.18319509556438,-36.45870897944468,-13317622.915906051,4.4333126958218365,102.3122449729809,1.5988902679418755,12,18,4,16818.380859,16866.673828,16592.408203,16830.341797,16441573050,1213.672607,1221.986816,1187.127808,1218.182129,5297471739,1.000079,1.000122,0.999972,1.000011,20067291688,246.068329,248.032028,240.4832,245.890625,543367184,12.129865,12.168594,11.720109,11.794829,181200151
2022-12-23,0.055654,0.055706,0.054441,0.05447,981731,42.01226108907317,51.544656809712706,-57.98773891092683,-14254341.743574044,0.198668187336737,99.75590165950244,1.183289060613376,7,17,2,16829.644531,16905.21875,16794.458984,16796.953125,15329265213,1218.079346,1226.998779,1215.994873,1220.159424,4835831923,1.000002,1.000069,0.999936,0.999981,18370924559,245.894135,248.274719,244.452942,246.148178,388929772,11.794523,12.084676,11.755585,11.786166,157181374
2022-12-24,0.054468,0.054867,0.054409,0.054803,372096,48.01658853227547,51.19004688063467,-51.98341146772452,-13986237.638770552,-1.8588492326426893,100.35919089177708,2.817958387272277,2,7,1,16796.976563,16864.703125,16793.527344,16847.755859,9744636213,1220.11792,1224.911621,1216.338745,1221.14856,2626153345,0.999981,1.000061,0.999955,0.999992,11647419533,246.151642,246.181717,243.953049,244.635529,280627376,11.786255,11.786255,11.239624,11.444276,202780776
2022-12-25,0.054781,0.054832,0.054365,0.054723,361674,46.57410746483954,45.53431902872941,-53.42589253516046,-13793396.469605666,-1.9265923509803211,99.99556226147156,0.6640668113755935,2,9,1,16847.505859,16860.554688,16755.253906,16841.986328,11656379938,1221.171509,1223.517822,1203.719604,1218.962036,3942720070,0.999989,1.000053,0.999893,0.999943,14856104217,244.636398,245.730988,241.7005,243.141495,298063868,11.444534,11.534026,11.27483,11.387903,105389060
2022-12-26,0.054733,0.054995,0.054392,0.054436,761049,41.39920663541288,45.329967544175986,-58.60079336458712,-14443380.275575826,2.5372487709318334,99.26667309250338,-2.5160724199065263,6,16,5,16842.25,16920.123047,16812.369141,16919.804688,11886957804,1218.920166,1226.974365,1214.335938,1226.974365,3282098400,0.999934,1.00002,0.999894,0.999995,14986560291,243.147934,244.595947,242.224426,244.198288,276115280,11.38769,11.45341,11.138464,11.306611,132410401
2022-12-27,0.054439,0.054632,0.053921,0.054032,585674,34.114677244861106,40.69599711503786,-65.88532275513889,-14846185.600470342,-1.361860600971199,98.75558108566804,-3.164987992401168,10,15,3,16919.291016,16959.845703,16642.072266,16717.173828,15748580239,1226.987061,1230.418091,1205.89563,1212.791626,4091530737,0.999964,1.000019,0.999828,0.99985,18554435182,244.202652,247.679688,242.56218,246.59668,391342277,11.309179,11.390708,10.76621,11.08543,223332961
2022-12-28,0.054034,0.054449,0.053376,0.05409,1232494,49.732211170619735,41.74869835029793,-50.267788829380265,-14438417.315288603,0.3655391238194121,99.0612687000612,1.8855130064608523,4,23,4,16716.400391,16768.169922,16497.556641,16552.572266,17005713920,1212.736572,1213.128906,1185.702148,1189.986084,4991669631,0.999855,0.999921,0.999652,0.999686,21161758512,246.607117,246.840042,242.109283,244.141922,414698978,11.084863,11.098109,9.522949,9.755906,468728777
2022-12-29,0.054091,0.054308,0.053501,0.05398,1525412,46.926804386636086,43.591230934039,-53.073195613363914,-14152993.260765685,0.6207243648293473,99.29730326330892,-1.4567892219504184,8,17,0,16552.322266,16651.755859,16508.683594,16642.341797,14472237479,1190.010132,1204.141602,1188.360229,1201.595337,4132233940,0.999679,0.999838,0.999599,0.999735,18567214596,244.171417,246.600998,243.57991,246.479721,345312528,9.755775,9.827129,8.141268,9.651783,772500177
2022-12-30,0.053982,0.054446,0.053817,0.0544,1105356,63.37633202467746,53.34511586064445,-36.62366797532254,-13209310.952339623,-0.926988289715716,100.0883132175449,0.9407529734844852,4,23,2,16641.330078,16643.427734,16408.474609,16602.585938,15929162910,1201.56958,1202.034668,1187.462524,1199.232788,4055668253,0.999731,0.999775,0.99963,0.999659,19162959224,246.458008,246.497238,243.127472,245.779221,342300809,9.651915,10.021772,9.062715,9.880177,837030648
2022-12-31,0.054401,0.054911,0.054376,0.054397,495428,43.81974248927045,51.374292966861354,-56.18025751072955,-13665845.539255513,-0.8475812037475852,100.18970788669095,1.3980278487147475,1,5,3,16603.673828,16628.986328,16517.519531,16547.496094,11239186456,1199.360107,1205.088623,1194.203735,1196.77124,3018513333,0.999669,0.999779,0.999653,0.999674,13466542553,245.788681,247.583618,245.108246,246.349197,307551853,9.881005,10.151167,9.692624,9.961039,285758573
2023-01-01,0.054395,0.054781,0.054385,0.054721,186642,57.725321888412005,54.97379880078665,-42.274678111587995,-13535761.721073698,-1.6940931302098294,100.78698928578946,-0.3423846728223072,2,2,2,16547.914063,16630.439453,16521.234375,16625.080078,9244361700,1196.713623,1203.475342,1192.885376,1200.964844,2399674550,0.99968,0.999761,0.999567,0.999692,11344984018,246.332901,246.485809,243.575287,244.136978,278651737,9.961036,10.052801,9.721011,9.982173,194221164
2023-01-02,0.054722,0.055256,0.054495,0.055192,857150,77.9399141630901,59.828326180257534,-22.06008583690991,-12822784.12580432,1.3255002753809446,101.4526853145384,0.6015092413692482,7,13,1,16625.509766,16759.34375,16572.228516,16688.470703,12097775227,1201.103271,1219.860596,1195.214966,1214.656616,3765758498,0.999688,0.999844,0.999621,0.999771,16348780894,244.152222,247.715271,241.69249,245.535904,357733262,9.983222,11.372013,9.845211,11.272967,558570124
2023-01-03,0.055191,0.055344,0.054948,0.054967,446636,68.28326180257524,67.9828326180258,-31.716738197424764,-13226561.115703298,0.2992536904914045,100.79162377176507,-1.2521557918942157,14,11,4,16688.847656,16760.447266,16622.371094,16679.857422,13903079207,1214.744019,1219.095337,1207.491577,1214.778809,3392972131,0.999783,0.999896,0.999722,0.999759,18233713873,245.552139,246.831451,244.784042,246.133362,377452410,11.274727,13.500268,11.053267,13.344046,1149255381
2023-01-04,0.054966,0.055545,0.054387,0.054484,1542526,47.55364806866946,64.59227467811162,-52.44635193133054,-14510667.38858758,-0.4367450614915174,99.80295231341312,0.0257022214062789,16,16,4,16680.205078,16964.585938,16667.763672,16863.238281,18421743322,1214.718628,1264.807495,1213.168823,1256.526611,6404416893,0.999751,0.999869,0.999721,0.999763,24715975399,246.1409,260.516052,245.704971,259.11969,632924961,13.351509,14.09534,12.922946,13.435113,1142852070
2023-01-05,0.054482,0.055,0.053698,0.053737,1550487,15.493562231759674,43.776824034334815,-84.50643776824033,-15968268.070615238,-1.2840767139393017,98.49724271926011,-1.9451489881940724,8,17,5,16863.472656,16884.021484,16790.283203,16836.736328,13692758566,1256.484619,1258.571533,1245.173096,1250.438599,4001786456,0.999754,0.999905,0.999694,0.999697,19334292777,259.076477,259.076477,255.596558,256.422852,342934041,13.434939,13.7692,12.990192,13.41933,564255825
2023-01-06,0.053735,0.0538,0.050266,0.052559,6170580,43.43625686683091,35.49448905575337,-56.56374313316908,-14131411.771803686,-2.726162274207868,96.80468982284238,-3.954461560952432,11,22,6,16836.472656,16991.994141,16716.421875,16951.96875,14413662913,1250.458984,1273.220337,1240.94751,1269.379028,4977252792,0.99971,0.999846,0.999626,0.999738,20350836697,256.450195,260.221741,255.067703,259.867157,417893264,13.420552,13.541294,12.771324,13.525842,517147909
2023-01-07,0.052555,0.052744,0.051591,0.051977,1447594,32.41144156090177,30.44708688649747,-67.58855843909822,-14609758.097909488,-3.9064522092808223,96.34622666740812,-4.517231244029679,6,4,0,16952.117188,16975.017578,16914.191406,16955.078125,7714767174,1269.4198,1270.598267,1262.271118,1264.270386,2565213548,0.999732,0.999907,0.999697,0.999896,11626878301,259.854889,262.963654,259.593292,261.282837,327712514,13.526757,13.526757,13.055073,13.092268,210349250
2023-01-08,0.051975,0.053452,0.051502,0.053452,1373308,60.35233945823076,45.4000126286545,-39.647660541769234,-13236450.097909488,-0.9781400518710648,99.414402924797,-1.073437962688772,0,3,2,16954.146484,17091.144531,16924.050781,17091.144531,9768827914,1264.181885,1287.359497,1260.226807,1287.359497,3495088905,0.999895,1.000019,0.999844,0.999957,14853747515,261.25293,274.385071,260.516907,274.385071,491734030,13.091505,14.333257,12.924286,14.319933,535020165
2023-01-09,0.053466,0.055965,0.053466,0.054576,8805087,75.62730303562027,56.13036135158429,-24.372696964379728,-14219491.02347972,0.3235294117647105,101.67131512274057,0.8985024958402668,6,20,6,17093.992188,17389.957031,17093.992188,17196.554688,18624736866,1287.450806,1342.144165,1286.680786,1321.53894,7990438824,0.999945,1.000069,0.9999,0.999999,31331363115,274.442444,283.025421,271.899384,272.701538,783671054,14.325533,17.361557,14.325533,16.302464,2029272608
2023-01-10,0.05457,0.054792,0.053554,0.054717,1525039,78.10142130198284,71.36035459861131,-21.89857869801717,-12879230.577599265,0.5882677353530541,102.00185351875623,1.3653204890700288,15,22,5,17192.949219,17484.720703,17162.990234,17446.292969,15808338949,1321.395508,1342.757202,1318.527222,1336.58606,5830173253,0.999997,1.00014,0.999921,1.0001,23843949758,272.655182,278.26767,271.149841,277.289642,470259383,16.296198,16.640087,15.711213,16.196724,833408341
2023-01-11,0.054721,0.056127,0.053813,0.056127,1262809,100.0,84.57624144586772,-0.0,-11616421.577599265,2.5693974890809828,104.17452173567196,3.174632352941188,13,20,7,17446.359375,17934.896484,17337.994141,17934.896484,18372283782,1336.486816,1387.932739,1323.58313,1387.932739,6314904311,1.000094,1.000161,0.999967,1.000019,25576360686,277.293518,285.172394,274.526398,285.046509,466458216,16.196577,16.446589,15.368487,16.359415,630606082
2023-01-12,0.05641,0.057078,0.055825,0.056888,1581589,97.21080446271291,91.77074192156527,-2.7891955372870783,-10514484.46905975,3.0729091172633773,104.71211898100428,4.579296652388918,16,18,4,18117.59375,19030.087891,17995.203125,18869.587891,34971338710,1405.35144,1432.28125,1378.422119,1417.938477,12230193038,1.000061,1.00015,0.999965,1.000092,41556485542,286.900665,287.951385,279.741028,287.812347,655903255,16.789261,16.808434,15.744722,16.619043,884719784
2023-01-13,0.056878,0.060181,0.056819,0.059788,1553343,96.03630862329804,97.749037695337,-3.9636913767019415,-9324296.614211444,8.770716975639926,107.99716147345332,9.259699201403487,20,17,3,18868.90625,19964.322266,18753.164063,19909.574219,29225029694,1417.946167,1461.672729,1404.023926,1451.614868,7684148212,1.000121,1.000219,1.000043,1.000214,35704375577,287.811493,295.27478,285.191223,293.733002,561853825,16.618727,18.514465,16.381359,18.288445,1037251176
2023-01-14,0.059786,0.065759,0.059786,0.06173,7990653,73.99470728716196,89.08060679105768,-26.005292712838045,-12113600.398741826,13.299317230746649,108.76766395320156,11.845919698507036,6,5,1,19910.537109,21075.142578,19907.828125,20976.298828,38967784639,1451.428467,1563.739136,1450.988403,1550.706909,15444626014,1.000207,1.000403,1.000119,1.000157,53708266585,293.719666,314.003357,293.600616,305.241119,1087358891,18.287506,24.565018,18.266825,24.249458,3399684035
2023-01-15,0.06173,0.062696,0.060973,0.062511,1905954,79.03569353901761,83.02223648315923,-20.964306460982385,-10616934.25712837,16.327669948080462,107.6881996963112,13.724598395400866,4,5,0,20977.484375,20993.748047,20606.986328,20880.798828,19298407543,1550.731567,1556.950806,1520.893799,1552.479492,6774614499,1.000144,1.000503,1.000114,1.000374,30028224816,305.328735,305.763855,292.924591,302.070648,562889882,24.259123,24.651987,22.116848,22.873306,1661787281
2023-01-16,0.062512,0.063044,0.061552,0.062447,1638340,78.62260375653524,77.21766819423829,-21.37739624346476,-10289705.49037234,18.813143324644685,105.5336932169345,14.615299904559146,12,12,4,20882.224609,21360.875,20715.746094,21169.632813,26792494050,1552.519287,1594.039795,1529.573608,1576.833496,8454485431,1.000348,1.000452,1.00009,1.000126,35957366329,302.079987,307.597382,294.181946,298.999237,602126315,22.875086,24.752789,22.585596,23.577564,1596086615
2023-01-17,0.062452,0.062557,0.061632,0.061923,963794,75.24043116246048,77.63290948600446,-24.75956883753953,-10647090.724966936,19.135386805702513,102.8587090129896,15.233451811600943,17,11,2,21175.833984,21438.660156,20978.533203,21161.519531,24999983362,1577.107422,1594.000977,1553.335938,1567.846069,7599462786,1.00013,1.000283,1.000061,1.000103,32250868598,299.059113,304.788147,296.974792,299.824524,529752305,23.580601,23.802801,22.882893,22.884064,926501252
2023-01-18,0.061923,0.06225,0.059059,0.059062,1606827,56.774026979926454,70.21235396630742,-43.22597302007355,-12250896.426941236,10.495397740028444,97.4278247385996,12.37276203885158,18,17,4,21161.050781,21564.501953,20541.544922,20688.78125,30005625418,1567.698975,1602.106689,1509.422852,1515.506958,10354880595,1.000106,1.000297,0.999972,0.99999,40496222408,299.831451,304.889771,282.631042,286.991058,844268123,22.886484,23.482634,20.693499,20.850634,1427677518
2023-01-19,0.05906,0.060131,0.058984,0.060125,671415,63.635190085845224,65.21654940941075,-36.36480991415478,-11586505.821012724,10.167472881852827,98.43049117604411,15.676164457356128,21,15,3,20686.746094,21163.011719,20685.380859,21086.792969,21152848261,1515.249634,1557.970337,1514.380005,1552.556519,6432638856,0.99999,1.000095,0.999947,1.000023,25966707878,286.885498,295.11853,286.870453,294.852203,431382130,20.850828,21.765444,20.52895,21.426765,799641392
2023-01-20,0.060118,0.062482,0.06005,0.062481,820341,77.00778564915483,65.80566757164219,-22.992214350845178,-10766839.44354562,14.1893744174571,101.64730326137229,16.891790765546663,10,13,6,21085.373047,22692.357422,20919.126953,22676.552734,28799154319,1552.373657,1659.885742,1544.917847,1659.75415,8528894754,1.000006,1.000243,0.999974,1.000179,33794858528,294.84552,305.020935,287.22644,304.973175,669836014,21.426407,25.678333,21.004543,25.548271,1419157455
2023-01-21,0.06248,0.062858,0.061852,0.061865,1819157,72.68710107315708,71.11002560271906,-27.31289892684292,-12538980.457462098,10.223243715146008,100.61359528268132,13.355687481676934,4,3,1,22677.427734,23282.347656,22511.833984,22777.625,32442278429,1659.706055,1674.179321,1626.812988,1627.118164,8859250310,1.000183,1.000409,1.000128,1.000217,40470629184,305.020477,309.616577,299.06424,299.261169,755028964,25.551525,26.4105,24.614994,24.627838,1948796870
2023-01-22,0.061862,0.062768,0.06093,0.061796,1429500,67.76214105588545,72.48567592606581,-32.23785894411455,-12621421.697940886,8.627478554352404,100.66860756017584,12.937478297421269,3,3,0,22777.986328,23056.730469,22387.900391,22720.416016,24746386230,1627.365967,1658.023438,1612.085693,1628.38208,7517988734,1.000224,1.000267,1.00013,1.000234,32852491605,299.239105,310.602417,299.103577,303.046448,571771274,24.624043,25.38925,23.756323,24.23279,1029738787
2023-01-23,0.061794,0.062986,0.061487,0.062696,1121309,74.90372798033596,71.78432336979286,-25.09627201966404,-11933974.75264402,4.863852278049109,102.07559983998064,11.703814563400854,9,15,6,22721.087891,23126.486328,22654.304688,22934.431641,26518700512,1628.550781,1641.21814,1607.903076,1628.251099,8264507375,1.00022,1.000246,1.000091,1.000204,35271449760,303.020325,307.42926,302.331696,305.504089,520678637,24.231546,24.885983,23.973736,24.357807,874649827
2023-01-24,0.062689,0.06327,0.059967,0.060338,1296747,54.62079357106985,65.7622208690971,-45.37920642893016,-12939414.978802055,-2.2549813704843635,98.60001914264303,6.064547883560683,15,19,5,22929.626953,23134.011719,22549.744141,22636.46875,26405069715,1627.848267,1639.723877,1551.389771,1556.604248,8180274691,1.000201,1.000328,1.000082,1.00013,34777970359,305.3909,322.746216,299.699615,300.612335,887528741,24.352102,25.167665,22.647783,22.795673,837211317
2023-01-25,0.060339,0.062546,0.059444,0.061783,1695208,59.97584054761424,63.16678736634004,-40.02415945238576,-12078148.76087814,-1.1645950312744948,100.32406677120932,3.3367899913025973,13,13,7,22639.267578,23722.099609,22406.076172,23117.859375,30685366709,1556.807495,1632.241699,1530.797852,1611.71106,10598973448,1.000129,1.000299,1.000093,1.000175,39242817276,300.638153,313.200745,294.714661,307.307648,667706772,22.796204,25.216593,22.397007,24.571445,1166026842
2023-01-26,0.061776,0.06218,0.061295,0.061973,1042449,57.6510067114094,57.415880276697855,-42.34899328859059,-11523353.869352715,-0.7590436690313421,100.20303419474652,0.3936497651061074,13,21,4,23108.955078,23237.078125,22911.373047,23032.777344,26357839322,1611.080933,1626.198242,1586.598145,1603.105957,8395315241,1.000193,1.000269,1.00006,1.000082,34910787321,307.096405,309.263092,302.39267,304.866547,540954388,24.561398,25.120348,23.953539,24.350697,809826004
2023-01-27,0.061977,0.06435,0.061318,0.063655,4157398,68.94464944649452,62.19049890183942,-31.055350553505473,-9271887.010513663,2.797022108102005,102.64428503637362,1.830077906288503,16,9,5,23030.716797,23417.720703,22654.59375,23078.728516,25383335641,1603.080078,1617.000854,1565.244995,1598.156494,8124465373,1.000088,1.000279,1.000055,1.000182,34658058512,304.874451,309.89447,300.320587,308.123108,484897937,24.350981,24.861765,23.498766,24.407858,682926581
2023-01-28,0.063653,0.064072,0.062347,0.063125,1230505,77.17107715244124,67.92224443678175,-22.828922847558765,-9392440.83370207,6.879211675866034,101.49506392322782,1.0857206911460886,3,8,1,23079.964844,23165.896484,22908.845703,23031.089844,14712928379,1598.125366,1604.704102,1565.390137,1572.435059,5803653357,1.000176,1.000297,1.000132,1.000194,23967491540,308.157135,313.077362,304.093323,306.244324,434715822,24.410603,25.017385,23.841827,23.981802,489857934
2023-01-29,0.063131,0.064124,0.062845,0.063694,1431869,87.77487886693993,77.96353515529192,-12.225121133060073,-8923360.997110981,5.9359667359667405,101.96540305170332,2.8600035527994474,2,3,1,23031.449219,23919.890625,22985.070313,23774.566406,27423687259,1572.629517,1653.724976,1568.984863,1646.15564,8801292300,1.000202,1.00031,1.000092,1.000099,33570913369,306.236298,320.118561,305.19809,317.336212,664644693,23.980787,26.652805,23.827845,26.132387,1131621628
2023-01-30,0.0637,0.064076,0.061686,0.062223,1878657,60.361535594483726,75.10249720462166,-39.63846440551627,-9957801.420541938,-0.4129255293609277,99.7184007912251,5.352002979919401,9,14,4,23774.648438,23789.347656,22657.582031,22840.138672,27205595568,1646.147705,1646.651611,1546.660767,1567.326538,9180418120,1.000089,1.000157,1.000037,1.000093,37178895589,317.375397,320.254822,303.58075,307.068878,630938594,26.135302,26.249315,23.489176,23.946321,1084170329
2023-01-31,0.062223,0.062961,0.062025,0.062493,1145026,65.39321654863951,71.17654367002109,-34.606783451360485,-9957801.420541938,1.0151135537056435,99.659411408237,3.9384615384615422,21,16,6,22840.796875,23225.021484,22765.568359,23139.283203,22837828665,1567.419922,1598.517578,1563.804321,1586.5354,6585191019,1.000081,1.000169,0.999994,1.000117,31416134222,307.096558,313.824799,305.681366,312.361053,487472184,23.949322,24.341288,23.592249,23.952547,617019880
2023-02-01,0.06249,0.063322,0.061517,0.063244,1176577,79.38874394334682,68.38116536215671,-20.611256056653172,-8882911.961816188,2.343193734222276,100.52247125953946,1.2211712360557494,11,15,5,23137.835938,23764.539063,22877.75,23723.769531,26683255504,1586.488159,1644.727539,1566.8573,1641.792725,8116969489,1.000138,1.000238,1.000048,1.000098,36688644471,312.27713,319.207672,306.148285,317.472595,616638893,23.948515,25.126236,22.643122,24.993359,984317489
2023-02-02,0.06324,0.06519,0.063074,0.063758,1947106,75.07831534980852,73.28675861393164,-24.92168465019148,-9571208.411721684,1.6938879673344287,100.9303650902775,3.0598884668229074,13,22,5,23720.824219,24167.210938,23468.595703,23471.871094,32066936882,1641.365967,1704.45813,1641.322632,1643.241577,10558081069,1.000088,1.000328,1.000083,1.00014,43575657052,317.346191,333.495544,316.71106,323.349792,909077028,24.988787,26.037151,24.254307,24.265059,1017290364
2023-02-03,0.063756,0.064831,0.063155,0.063958,1065551,78.55899756352251,77.6753522855593,-21.441002436477493,-9615712.331769418,5.999535947495771,101.17764042531554,3.498608324163383,10,18,4,23469.412109,23678.103516,23279.955078,23449.322266,27083066007,1642.904663,1670.696899,1634.223389,1664.745605,8169519805,1.000142,1.000276,1.000078,1.000131,36792033814,323.291351,334.545166,318.903229,332.268677,861598551,24.260811,25.003572,24.118975,24.680897,643813200
2023-02-04,0.063953,0.064643,0.06295,0.063901,1025588,77.56700313261402,77.06810534864837,-22.432996867385977,-9489104.00808366,3.4281274784325815,100.91050395807532,1.921972693632764,4,8,1,23446.320313,23556.949219,23291.794922,23331.847656,15639298538,1664.47229,1690.099609,1648.189209,1667.059204,5843302512,1.000122,1.000162,1.000054,1.0001,24493083193,332.249695,333.870941,327.741425,330.617096,440935963,24.679983,24.892578,24.317745,24.317745,321758043
2023-02-05,0.063904,0.065638,0.063297,0.064131,2074612,75.67000322893111,77.26533464168924,-24.329996771068892,-10085521.725298544,3.482161586497335,101.17397026873527,6.2862541018926565,5,6,2,23332.248047,23423.435547,22841.759766,22955.666016,19564262605,1667.166504,1671.770264,1616.391846,1631.645874,6926696531,1.000093,1.000268,1.000089,1.000198,30313569702,330.558258,337.320526,324.879486,327.869354,662969265,24.319521,24.425667,23.116827,23.493439,578466008
2023-02-06,0.064131,0.064472,0.062828,0.063108,1167750,59.15402001937355,70.79700879363958,-40.84597998062645,-10855498.002670806,-0.8593197706386079,99.36188828883944,2.144602884288558,12,13,6,22954.021484,23119.279297,22692.025391,22760.109375,23825006542,1631.645264,1653.715454,1611.319092,1616.24707,6919871886,1.000209,1.000274,1.000067,1.000102,32088027094,327.861847,330.957428,321.946136,324.627167,521894604,23.493685,23.687357,22.603905,22.706388,449884793
2023-02-07,0.063101,0.066163,0.063039,0.065544,1580045,90.78731954159854,75.20378092996776,-9.212680458401463,-9901603.998189364,3.832079207920799,102.49394608215458,5.7621867587497855,16,16,2,22757.267578,23310.974609,22756.257813,23264.291016,27187964471,1616.009644,1673.797852,1614.863037,1672.00354,8030277434,1.000096,1.000274,1.00003,1.000077,39183502892,324.557404,333.526733,324.205475,333.227875,521804212,22.697823,23.899799,22.607054,23.861357,625438600
2023-02-08,0.065544,0.067877,0.064203,0.066884,2787813,84.9134001823153,78.28491324776247,-15.086599817684702,-8620757.960083766,5.008321034948344,103.74575655241487,5.072657293221264,19,19,4,23263.416016,23367.958984,22731.097656,22939.398438,25371367758,1671.905273,1688.527222,1635.265015,1650.716797,7806089579,1.000088,1.000243,1.000039,1.000131,39133872723,333.217316,334.728394,324.49054,328.088654,515127902,23.860729,24.148073,22.881855,23.192671,534148944
2023-02-09,0.066887,0.067017,0.062381,0.062636,3513317,20.09452660466531,65.2650821095264,-79.90547339533468,-11747579.776736056,0.6637417032287043,97.39871424065116,-0.7746534653465399,16,16,6,22946.566406,22996.4375,21773.974609,21819.039063,32572572185,1651.082275,1655.234863,1537.182251,1546.438232,10524969124,1.000129,1.000267,1.000032,1.000159,47895876169,328.172211,329.012604,303.358551,305.960419,778492045,23.198092,23.279087,20.203577,20.452127,797436250
2023-02-10,0.062642,0.063646,0.062534,0.063276,1627030,27.657232704402443,44.22171983046104,-72.34276729559755,-11203285.56810296,1.252940329316882,98.54320548189018,-0.6562627563035791,8,22,10,21819.005859,21941.185547,21539.392578,21651.183594,27078406594,1546.596558,1553.325684,1504.834473,1514.869141,8397387897,1.000157,1.000365,1.000116,1.000153,37581182134,306.007263,309.056915,303.016571,305.954132,492880078,20.45359,21.117727,19.843344,20.13011,654189930
2023-02-11,0.063275,0.063853,0.06301,0.063744,723792,35.01572327044011,27.58916085983598,-64.98427672955988,-10666666.351021107,0.7905888305610027,99.30673479879732,2.444433730292648,3,2,5,21651.841797,21891.410156,21618.449219,21870.875,16356226232,1514.941895,1541.334717,1510.146973,1539.926758,5064007416,1.000211,1.000257,1.00009,1.000163,22803314101,305.979919,311.146881,305.454102,310.616028,348569462,20.128391,20.86068,20.119469,20.830095,267159267
2023-02-12,0.063744,0.064653,0.063221,0.063726,918499,34.732704402515736,32.468553459119455,-65.26729559748426,-10937341.335657973,-0.0501897801060108,99.3682587911378,1.973020978349583,5,4,4,21870.902344,22060.994141,21682.828125,21788.203125,17821046406,1539.776001,1545.554199,1501.462036,1515.033691,5319698775,1.000147,1.000286,1.000108,1.00021,24662650244,310.605621,320.234863,306.517487,312.929657,520994815,20.828875,22.260618,20.646626,21.489979,532943787
2023-02-13,0.063729,0.065197,0.063125,0.06509,2369571,56.17924528301872,41.975890985324874,-43.82075471698128,-8812504.020020928,1.7699115044247695,101.0490130849412,2.9188539624312195,8,21,6,21787.0,21898.414063,21460.087891,21808.101563,23918742607,1514.916992,1524.731445,1470.023926,1507.165894,9363855114,1.000213,1.002496,1.000167,1.000933,41054083637,312.901825,315.123047,283.696381,294.475342,1322505522,21.486788,21.529655,19.870745,20.7901,693292656
2023-02-14,0.065088,0.066559,0.064307,0.066098,2604940,72.02830188679243,54.31341719077565,-27.97169811320757,-7274062.545775793,3.438130858672015,102.48796112117736,3.6701276702531582,11,18,9,21801.822266,22293.140625,21632.394531,22220.804688,26792596581,1506.992065,1562.034302,1497.194458,1556.875122,9249575045,1.000923,1.001134,1.000355,1.000404,40374822815,294.470398,301.13327,290.173492,296.120361,662196432,20.781595,22.245665,20.711224,21.824953,865868623
2023-02-15,0.066097,0.070565,0.064754,0.069477,2410770,86.70576735092858,71.63777150691327,-13.294232649071422,-5766034.848305482,8.336062122842314,107.11203906203544,8.629100347102781,17,17,3,22220.585938,24307.841797,22082.769531,24307.841797,32483312909,1556.765137,1674.289795,1545.689697,1673.745972,10015035156,1.000405,1.000547,1.000177,1.000218,44524116301,296.144928,317.387329,294.38327,317.16922,667519216,21.824722,23.901154,21.502102,23.883902,747616299
2023-02-16,0.069478,0.071125,0.065299,0.066721,2746855,49.63403476669724,69.45603466813945,-50.36596523330277,-7171994.616585599,5.725106167205434,101.94594570997003,4.413076477676411,16,16,7,24307.349609,25134.117188,23602.523438,23623.474609,39316664596,1673.867432,1732.801147,1638.145508,1640.067627,12704861676,1.000225,1.000316,1.000094,1.000163,57045633961,317.150391,326.634888,304.502747,304.763702,1036335164,23.88419,24.030554,22.264261,22.285952,885086333
2023-02-17,0.066723,0.07106,0.065159,0.070403,2151380,91.74290942360476,76.02757051374356,-8.257090576395251,-5499671.271389873,7.413340656658105,105.92401221685124,9.779981600162168,12,15,6,23621.283203,24924.041016,23460.755859,24565.601563,41358451255,1640.280151,1716.78186,1636.173828,1694.783325,9802443159,1.000163,1.000244,1.000101,1.000221,53478834233,304.742737,316.413544,303.55191,313.377991,701575686,22.282129,23.493309,22.153913,23.166758,580803415
2023-02-18,0.070399,0.070668,0.066521,0.069907,1084473,86.07044830741083,75.81579749923763,-13.929551692589175,-4813213.199289558,4.519765564260507,103.80274997772696,10.773594472966977,3,5,3,24565.296875,24798.835938,24468.373047,24641.277344,19625427158,1694.741821,1705.309082,1683.670166,1691.819458,5491437195,1.000215,1.000331,1.000145,1.000182,30777314971,313.385864,318.678497,313.300537,316.682709,467884011,23.167397,23.757635,22.967705,23.478592,370892073
2023-02-19,0.069904,0.071264,0.066384,0.07038,2358899,90.0484070696837,89.28725493356644,-9.951592930316291,-3308931.7058469323,12.363497030461716,103.05056099866968,7.378249725375309,5,3,4,24640.027344,25093.054688,24327.642578,24327.642578,25555105670,1691.680176,1718.947632,1673.906616,1681.436157,6959144003,1.000181,1.000291,1.000155,1.000237,39281755451,316.619659,318.426453,311.309845,311.935852,522437732,23.476208,25.520731,23.268293,24.840752,993875671
2023-02-20,0.070399,0.072632,0.066622,0.067915,2277170,53.98497707540731,76.7012774841673,-46.0150229245927,-4606274.481221307,7.331373664580575,98.85714523363436,1.5414747921775076,11,15,6,24336.623047,25020.458984,23927.910156,24829.148438,28987376573,1682.337036,1716.48938,1659.295044,1702.675171,7703604237,1.000248,1.000283,1.000117,1.000187,44403471554,312.027924,319.300781,309.428253,315.377441,676396150,24.846375,26.925581,24.342072,26.181387,1459545676
2023-02-21,0.067915,0.072093,0.066888,0.068753,2421133,62.15978928884981,68.73105781131363,-37.84021071115019,-5292378.453363487,7.857994477911647,99.52745907402658,9.765949294335522,13,12,13,24833.048828,25126.851563,24200.363281,24436.353516,31252098714,1702.797852,1714.285645,1642.396729,1658.036377,8721608198,1.000181,1.000223,1.000078,1.000132,45397558230,315.399353,316.997284,309.955261,311.472015,579359973,26.182732,26.424297,24.673828,24.948559,925847245
2023-02-22,0.068765,0.07064,0.066346,0.069302,1768299,67.51536435469711,61.22004357298477,-32.48463564530288,-4626074.824579132,8.749960769544609,100.35851636700656,9.523357987230552,13,18,9,24437.417969,24472.339844,23644.318359,24188.84375,30199996781,1658.140991,1663.996826,1604.803345,1643.231689,9189387004,1.000146,1.000368,1.000068,1.000099,43805622619,311.482635,312.809387,304.221222,312.781128,549179249,24.949751,25.135201,23.377934,24.181349,892548647
2023-02-23,0.069283,0.070749,0.066051,0.06963,1561680,70.2713408595761,66.64883150104104,-29.728659140423904,-3808336.8935446534,6.974957750806579,100.2303152439902,9.23381024096386,7,16,11,24190.71875,24572.089844,23693.919922,23947.492188,30476264066,1643.298584,1674.601563,1632.566162,1651.073853,9013236167,1.000096,1.000216,1.000059,1.000124,40733371959,312.805328,314.894897,306.180206,308.533936,472852406,24.182421,24.635834,23.683668,23.900801,579213279
2023-02-24,0.069629,0.070384,0.065718,0.068505,1661172,57.108709208064816,64.96513814077936,-42.891290791935184,-3485074.1040032934,3.6415625283669586,98.99729970767476,7.499293851803018,10,16,6,23946.007813,24103.705078,23007.072266,23198.126953,26811744928,1650.895142,1661.091309,1583.147827,1608.373169,8909129423,1.000117,1.000227,1.000025,1.00007,39747788121,308.459717,311.799438,300.058136,302.053711,479926281,23.899637,24.05633,22.636557,23.053036,612377428
2023-02-25,0.068504,0.068856,0.065616,0.067071,1953222,41.50625854633433,56.29543620465844,-58.49374145366567,-3684013.3817810607,-3.463016537847045,97.49582603061744,3.043478260869582,3,6,2,23200.125,23210.210938,22861.558594,23175.375,16100721565,1608.658325,1608.865112,1567.631714,1594.914917,5657686235,1.000072,1.000175,1.00005,1.000132,25281973906,302.10025,303.029236,297.224121,302.384613,310503640,23.058849,23.273439,21.641863,22.523399,547286025
2023-02-26,0.067067,0.070641,0.066018,0.069428,3000069,66.29851688229728,54.9711615455655,-33.70148311770272,-2258282.99177456,4.057193387389279,101.12192158200932,5.037973917516414,1,6,6,23174.150391,23654.367188,23084.220703,23561.212891,16644534842,1594.761108,1645.273438,1590.393066,1640.817139,5727967432,1.000132,1.000176,1.000052,1.000087,23103836401,302.369019,309.587555,300.966248,308.99707,312320211,22.523857,23.484447,22.32424,23.256088,370371591
2023-02-27,0.069423,0.070489,0.066801,0.068992,2444944,56.27627627627622,54.69368390163597,-43.72372372372378,-1798198.6273493967,-2.004175958410857,100.26220673018034,-0.6980727434978472,8,13,7,23561.451172,23857.890625,23205.878906,23522.871094,22660763494,1640.763672,1662.575684,1615.387939,1634.326416,7239824677,1.00008,1.000196,1.000047,1.000175,31170898346,308.985199,309.325439,300.936096,304.855804,404806423,23.255739,23.367462,22.400766,22.692589,475987023
2023-02-28,0.068986,0.070293,0.066058,0.069094,907322,55.09012439705508,59.22163918520955,-44.90987560294492,-1404632.9805961477,-1.1629736650120794,100.33940359568652,3.556601369883545,8,14,11,23521.837891,23585.384766,23077.650391,23147.353516,20535363434,1634.502441,1644.435791,1602.428101,1605.895142,6323676957,1.00014,1.000255,1.000078,1.000154,29878544329,304.85498,305.632721,300.569275,301.474823,337673265,22.690985,22.725033,21.825813,21.916388,351065863
2023-03-01,0.069093,0.070805,0.066783,0.070053,999436,65.48909407199257,58.95183158177465,-34.51090592800743,-778929.3883534826,-0.4646206308610315,101.57382455108302,-0.4971379060551244,11,15,12,23150.929688,23880.632813,23088.626953,23646.550781,24662841200,1606.040405,1663.433716,1601.548584,1663.433716,7701847224,1.000169,1.000323,1.00007,1.000144,33994082293,301.510345,306.18515,301.098022,302.907471,377974810,21.912136,22.795338,21.738678,22.506432,346532018
2023-03-02,0.070054,0.070691,0.066194,0.068663,1031758,46.88879967884389,55.82267271596387,-53.11120032115611,-677749.6511953779,1.1013767209011245,99.75820143377209,-1.7795070593788824,12,18,10,23647.019531,23739.138672,23245.021484,23475.466797,20386398516,1663.549072,1672.051147,1622.599976,1647.319336,7080950926,1.000132,1.000321,1.000023,1.000091,28824873446,302.916107,303.554169,296.519165,299.946167,370516889,22.505314,22.575216,21.73251,21.984879,322545445
2023-03-03,0.068666,0.069841,0.065001,0.06572,2145421,9.422094089896442,40.59999594691099,-90.57790591010357,-2185750.11441852,-4.411443864267732,96.03754323923168,-6.621199204319406,6,15,8,23476.632813,23479.347656,22213.238281,22362.679688,26062404610,1647.557739,1648.475342,1552.451538,1569.167603,9922240199,1.000085,1.00036,1.000058,1.0001,37747411845,299.97757,300.087646,287.979248,290.282837,450262903,21.986517,22.001711,20.541079,21.399353,489228523
2023-03-04,0.065721,0.068629,0.064613,0.066623,699748,25.06546950991393,27.125454426218113,-74.93453049008606,-2185053.154259157,-3.8656893018960505,97.44824718486,-1.902377972465584,5,4,1,22362.923828,22405.177734,22198.980469,22353.349609,11166012913,1569.278076,1575.637207,1551.736816,1566.92395,4389045367,1.000098,1.000243,1.000072,1.000114,18409338907,290.289886,291.327545,286.61908,289.503876,289197235,21.400026,21.536839,20.374146,20.966839,249364880
2023-03-05,0.066624,0.068127,0.065063,0.06674,1001570,26.52450430228196,20.337355967364136,-73.47549569771805,-2090257.0380711677,-4.150509837713635,98.17077655315884,-2.92787223830233,1,6,3,22354.144531,22613.685547,22307.142578,22435.513672,13317001733,1567.179321,1584.208862,1559.954102,1564.46875,5020886238,1.000119,1.000238,1.000053,1.000107,19088160147,289.52063,292.459076,287.875916,288.699707,287599378,20.966393,21.616997,20.895563,20.978584,278729462
2023-03-06,0.06674,0.068067,0.064919,0.067495,556020,38.52941176470582,30.03979519230059,-61.47058823529418,-1736297.673395184,-1.4743449383256657,99.59463561472886,-2.607428357045977,6,22,5,22436.816406,22584.292969,22331.314453,22429.757813,17353192895,1564.383179,1579.456299,1557.363525,1567.398682,5245153345,1.000098,1.000167,0.999974,1.000011,24736796655,288.704498,289.718384,283.953156,288.054962,374160712,20.978413,21.098866,20.522215,20.635012,318022843
2023-03-07,0.0675,0.068205,0.064077,0.066078,980041,29.74137931034482,31.598431792444227,-70.25862068965519,-1766211.7155463472,-1.480520642304435,98.12759349303734,-5.101249461439035,13,13,10,22428.322266,22527.417969,22011.261719,22219.769531,22765452204,1567.424683,1579.162231,1543.127563,1561.933105,6854058349,1.000017,1.000081,0.999936,1.000013,31500223933,287.995544,290.216736,284.374084,289.343689,373176525,20.634691,20.886848,19.820597,20.244732,394901279
2023-03-08,0.06607,0.067148,0.063939,0.065042,876942,16.064666472473128,28.111819182507947,-83.93533352752688,-2040307.3297563784,-6.317335945151813,97.62694564940035,-5.0551054667542425,11,16,11,22216.441406,22268.896484,21708.050781,21718.080078,22536575684,1561.977905,1568.175293,1534.088257,1534.088257,7130327525,1.000016,1.000048,0.999963,1.000007,31323198703,289.327454,293.641632,285.58548,286.867004,436665040,20.243931,20.332367,18.286304,18.421194,620543521
2023-03-09,0.065046,0.06724,0.057702,0.058647,3597075,7.212088834617982,17.672711539145332,-92.787911165382,-4924604.834474352,-14.99449211502783,89.9602274594879,-12.559824663416393,7,20,9,21720.080078,21802.716797,20210.306641,20363.021484,30364664171,1534.031616,1544.108398,1423.264771,1438.660767,9457897583,1.000006,1.000043,0.999816,0.999986,41653343124,286.94577,291.366486,272.728363,277.296112,505668979,18.424707,18.689047,16.943132,17.308147,754162560
2023-03-10,0.058651,0.060298,0.055814,0.0582,4442211,15.91621639650456,13.064323901198582,-84.08378360349543,-4639288.8737250175,-15.766926216458735,90.77034478917172,-16.172149565016998,5,26,6,20367.001953,20370.595703,19628.253906,20187.244141,39578257695,1438.760132,1438.760132,1378.525391,1429.158081,12665194936,0.999979,1.00342,0.999866,1.003047,55191206438,277.323517,278.100739,265.712433,277.419586,558776711,17.31225,18.323397,16.117346,18.243643,944032048
2023-03-11,0.0582,0.060351,0.055497,0.058967,4879717,22.66788607264175,15.265397101254786,-77.33211392735825,-2542237.0274127023,-15.825160949566763,93.5625576593097,-14.530670222634509,3,16,3,20187.876953,20792.525391,20068.660156,20632.410156,30180288176,1429.10083,1484.136963,1428.723145,1482.616699,14917080154,1.003025,1.029628,1.002796,1.00769,65038416671,277.434662,281.644104,272.283081,277.961426,523623578,18.243105,18.848188,17.171354,18.225843,696894876
2023-03-12,0.058958,0.064055,0.058794,0.063822,2352045,54.383328978312,30.98914381581946,-45.616671021688006,-398527.5092602573,-7.050376476413786,101.94021234406767,-7.630184965409441,3,15,1,20628.029297,22185.03125,20448.806641,22163.949219,29279035521,1482.431885,1607.152588,1461.610962,1590.292969,11480965122,1.00769,1.016292,1.005939,1.007149,48442153750,277.944031,289.713409,276.638611,289.675781,483074620,18.224798,20.392891,17.942476,20.310532,666940879
2023-03-13,0.063828,0.068599,0.063828,0.067176,5851665,76.29344133786252,51.11488546293879,-23.70655866213748,1962498.50729813,2.2154595252586713,107.37557429007242,-4.106890497194987,8,28,5,22156.40625,24550.837891,21918.199219,24197.533203,49466362688,1590.831177,1699.911743,1572.074707,1680.30896,15711468959,1.007366,1.011596,1.001292,1.00387,72852500939,289.740814,313.753723,287.556183,308.912201,1122664621,20.310793,21.340412,18.964472,20.433712,1161164364
2023-03-14,0.067172,0.069021,0.064664,0.06706,4196591,75.53566762477129,68.73747931364863,-24.464332375228704,2381483.378769317,0.6559296339102006,106.95033651239191,-2.3345906820267204,15,17,10,24201.765625,26514.716797,24081.183594,24746.074219,54622230164,1680.295288,1779.917847,1665.902344,1703.50708,16159781303,1.004052,1.006482,1.001852,1.003247,74778462453,308.937988,319.838959,304.013123,309.370789,866173920,20.434708,22.106672,19.914528,20.928034,1130224251
2023-03-15,0.067062,0.067631,0.064015,0.065342,2824309,64.79531393971301,72.20814096744897,-35.20468606028698,1630104.7122870116,-2.094695834581955,104.13921232019014,-0.5751673767498529,13,22,7,24770.925781,25240.615234,23964.910156,24375.960938,43655701450,1705.189941,1721.079224,1616.630371,1656.180542,12715339905,1.003171,1.005407,1.001278,1.003946,62575628923,309.446136,313.924164,301.694153,307.124939,596861029,20.935295,21.488909,18.830359,19.290981,816614774
2023-03-16,0.065352,0.066599,0.064256,0.065277,4072419,68.1818181818182,69.50426658210085,-31.8181818181818,1106930.0989707606,-3.286169345877469,102.48853859197388,-2.0203233117692085,10,16,8,24373.457031,25190.326172,24225.111328,25052.789063,33866061747,1656.332031,1693.139282,1639.261719,1677.215454,9364980166,1.003946,1.004448,1.001129,1.002134,46345690965,307.21344,333.007172,304.429535,329.86087,1337194824,19.299496,19.883511,19.03631,19.730543,438673097
2023-03-17,0.065277,0.067549,0.064409,0.067405,2265004,88.05087252292228,73.67600154815119,-11.949127477077733,3164188.509161856,2.0082326946941627,103.68883351023736,0.9964039556488056,10,16,12,25055.123047,27787.8125,24955.169922,27423.929688,50730261335,1677.296753,1799.343994,1667.131836,1792.485107,12467445117,1.002178,1.003719,1.000804,1.002326,61866017598,329.886322,340.27005,327.13559,339.081146,934568148,19.730066,21.676241,19.499819,21.629103,623518286
2023-03-18,0.067401,0.068155,0.064707,0.06588,2061800,76.77462289263528,77.66910453245862,-23.22537710736472,2505225.7481409693,1.288398265735973,99.82639264701425,-2.392769834802586,4,6,1,27448.117188,27725.953125,26636.261719,26965.878906,35723036817,1793.592407,1840.357544,1751.262817,1761.659668,10317822213,1.002197,1.003585,1.001139,1.002337,47735900216,339.040741,346.445129,330.791229,331.524292,828471428,21.632441,22.861988,21.14187,21.195902,789771840
2023-03-19,0.065878,0.067431,0.064626,0.066676,989549,82.66045548654245,82.4953169673667,-17.339544513457554,2962076.355984103,13.690384844919606,100.41220612027124,0.90499107115833,3,10,0,26969.503906,28440.560547,26907.716797,28038.675781,37769448859,1762.963257,1843.844116,1762.963257,1785.576538,9170565472,1.002369,1.003424,1.001169,1.003007,44405090365,331.530182,341.816589,331.530182,336.978241,705888292,21.19829,22.453812,21.19829,21.903402,475166077
2023-03-20,0.066675,0.067631,0.064221,0.065271,1291670,72.27151730257319,77.23553189391698,-27.72848269742682,2465862.9542245697,12.149484536082465,98.70083018117954,0.3520801943359569,12,16,8,28041.601563,28527.724609,27242.880859,27767.236328,44774027664,1785.41626,1807.72522,1728.10376,1735.321289,10978325507,1.003047,1.003802,1.000976,1.00179,54497686907,337.000946,339.798035,332.854095,332.923004,682276624,21.904612,23.831194,21.58556,22.176464,1147250538
2023-03-21,0.065281,0.068009,0.064203,0.067202,1426434,86.54983732623484,80.49393670511687,-13.450162673765163,3287392.9931105385,13.965438295996066,101.58966684159265,14.587276416525995,9,14,12,27768.392578,28439.5625,27439.646484,28175.816406,36102192830,1735.61792,1836.288574,1725.007324,1806.760742,10758627746,1.001808,1.003556,0.99998,1.001536,49904460369,333.015808,339.547699,328.993988,335.309235,638610697,22.177589,23.223715,21.639103,22.618267,745081556
2023-03-22,0.067206,0.068425,0.057801,0.060375,5758135,36.06921029281278,64.96352164054029,-63.930789707187216,319438.6199930678,-5.400958916987881,92.2588771540715,3.7371134020618495,15,17,11,28158.720703,28803.335938,26759.996094,27307.4375,33382021890,1804.957031,1821.458252,1717.765137,1737.717041,12484103560,1.001498,1.002836,0.99964,1.001879,50711682141,335.294128,339.685791,317.60025,321.887726,1280612242,22.614277,23.067322,21.149651,21.480486,851680842
2023-03-23,0.060375,0.066816,0.059586,0.065211,5362575,71.82786157941442,64.81563639948736,-28.17213842058558,3301119.325387266,-2.9251518399428287,99.66311514781016,10.588973493649,10,16,11,27301.957031,28729.84375,27183.363281,28333.972656,24220433689,1737.140869,1853.888062,1732.524658,1816.405151,11012966854,1.001917,1.003147,0.999935,1.00096,39641340671,321.863525,331.968506,319.892212,329.837006,547390925,21.475513,22.700598,21.216276,22.216778,555730954
2023-03-24,0.065213,0.06602,0.062906,0.063565,1799142,59.65690624075715,55.85132603766147,-40.34309375924285,2263463.8880076837,-5.211750671040857,97.9688669690431,-0.4026824605935371,11,12,9,28324.111328,28388.4375,27039.265625,27493.285156,25980310960,1815.819824,1819.935303,1730.349487,1752.0448,10913669383,1.00118,1.001719,1.000027,1.001259,40600299923,329.808075,330.173981,317.776794,322.359344,468651735,22.214151,22.258434,20.355827,20.678856,547225198
2023-03-25,0.063567,0.065054,0.062705,0.063023,1929900,46.54188948306593,59.342219101079195,-53.45811051693407,856091.091072815,-3.549019007682657,97.74839748915964,-6.182267476479701,3,6,3,27487.337891,27791.826172,27196.234375,27494.707031,13383005987,1751.469482,1762.674561,1716.651978,1743.764771,6614309912,1.001148,1.001666,1.000251,1.000848,22544554979,322.319855,325.002838,319.910919,322.673065,439062620,20.677746,20.952482,20.184853,20.446646,272949711
2023-03-26,0.063048,0.064884,0.062995,0.063981,1291066,55.08021390374329,53.75966987585548,-44.9197860962567,912818.7130950488,-1.9853853577829947,99.83037171108356,-4.591410677005665,5,2,3,27495.523438,28178.144531,27445.046875,27994.330078,13878363192,1743.842163,1797.880249,1741.182861,1775.676758,6990313307,1.000904,1.001197,1.000107,1.000893,21431041962,322.636505,329.567535,322.096649,328.888,363216136,20.444178,21.129982,20.34569,20.975519,226663968
2023-03-27,0.063984,0.064716,0.061996,0.063434,1365727,50.20499108734408,50.60903149138446,-49.79500891265592,991147.1733891718,-5.891254357985316,99.38382823288742,-2.9200208135655368,8,10,14,27994.068359,28037.925781,26606.689453,27139.888672,18188895178,1775.481323,1781.379272,1690.516602,1715.460815,8585750760,1.000724,1.001065,0.999734,1.000233,29216004744,328.90448,329.330505,306.454437,310.949127,656817420,20.976086,20.979824,19.508055,19.921675,359607077
2023-03-28,0.063432,0.064597,0.063043,0.064196,832076,60.19390060240968,55.159701864499034,-39.80609939759032,1393799.1373531374,-2.556162720097133,101.25894295661186,-1.656019731298924,10,22,7,27132.888672,27460.71875,26677.818359,27268.130859,17783600385,1715.327393,1791.110962,1702.564697,1772.785645,8346890042,1.000047,1.000593,0.999605,1.000307,27305773765,310.946564,314.986145,307.371277,313.26062,478328374,19.922195,20.764208,19.665567,20.470697,347656506
2023-03-29,0.064187,0.065271,0.063399,0.06438,1040547,61.92582831325308,57.44157333433563,-38.074171686746915,1443825.435430072,-3.44351790749294,100.64092543379712,-4.487797641124545,12,19,10,27267.03125,28619.542969,27259.662109,28348.441406,20684945906,1772.899902,1825.600952,1772.899902,1793.001831,9136176952,1.00018,1.000694,0.999116,0.999989,32050016572,313.227539,319.532501,312.790405,313.841766,482942200,20.465441,21.505144,20.458122,21.111467,378726667
2023-03-30,0.064382,0.065265,0.063402,0.064633,1252357,64.30722891566262,62.14231927710848,-35.69277108433738,1846488.7972121355,-0.9774631919229056,101.16700804092912,-1.8928354584092264,13,16,11,28350.140625,29159.902344,27720.160156,28033.5625,22435349951,1793.345947,1827.280273,1766.248901,1792.737183,9724496987,1.000088,1.000696,0.999458,1.000093,34935146979,313.86261,317.795715,311.003632,316.567566,594180917,21.11384,21.590513,20.232969,20.551046,472449267
2023-03-31,0.064633,0.066107,0.063707,0.065948,1748119,76.6848644578314,67.63930722891571,-23.315135542168605,3362982.029712146,-1.8660158923841423,102.67818814711018,-1.091847141400193,17,15,5,28032.261719,28639.896484,27583.714844,28478.484375,19001327598,1793.620117,1844.677368,1783.142212,1822.022095,9149379763,1.000061,1.000638,0.999633,1.000124,29809423853,316.632416,319.633575,313.786499,317.040009,419430009,20.552515,21.441999,20.155243,21.170496,352864960
2023-04-01,0.065946,0.067176,0.064182,0.066535,1209740,82.21009036144575,74.4007279116466,-17.789909638554242,4054723.806599251,10.202898550724637,102.78918666010458,1.9365414962234395,3,4,3,28473.332031,28802.457031,28297.171875,28411.035156,10876469901,1821.704346,1840.173096,1811.11853,1813.860596,5556443606,1.000078,1.000685,0.999719,1.000301,19879792202,317.059784,318.430634,313.56131,315.217316,463135728,21.171352,21.313889,20.858906,20.975641,209186327
2023-04-02,0.065802,0.066961,0.063823,0.06495,1013145,67.29103915662645,75.39533132530123,-32.708960843373546,3769312.65937171,-0.4002392234439146,100.12641055682306,-3.3510907413469897,6,4,1,28462.845703,28518.958984,27884.087891,28199.308594,12284641999,1821.192139,1824.328857,1774.872437,1795.70813,6199721188,1.000208,1.000638,0.99973,1.000237,21255417929,314.942078,316.188416,311.53656,313.928619,442429679,21.087992,21.286085,20.315701,20.536976,229561591
2023-04-03,0.064948,0.066102,0.063754,0.065551,1685261,72.94804216867469,74.14972389558231,-27.05195783132531,4663620.668741388,3.1243608904271247,100.5839633663822,8.573084886128365,10,11,11,28183.080078,28475.623047,27276.720703,27790.220703,19556501327,1794.922485,1839.157837,1765.518921,1810.297119,9643826401,1.000359,1.000823,0.999626,1.000183,33940605510,313.937653,314.033234,300.508759,308.562378,701865645,20.536037,20.934097,20.024902,20.44305,437266506
2023-04-04,0.065558,0.066713,0.064516,0.065962,1292097,76.81664156626513,72.3519076305221,-23.18335843373487,5072363.233602573,4.663376862415326,100.82430959976767,1.1516461946604126,13,14,12,27795.273438,28433.742188,27681.304688,28168.089844,15284538859,1810.14209,1886.594604,1802.955444,1871.005127,10398322335,0.999963,1.000781,0.999196,1.000214,28651211704,308.589844,312.087494,308.464966,310.994843,575672802,20.44265,21.236378,20.35272,20.92462,305630170
2023-04-05,0.065962,0.066527,0.06544,0.0659,887913,83.18840579710145,77.65102984401376,-16.811594202898544,4935949.736822445,2.999327925477883,100.39631843892757,3.6734051758043007,15,15,9,28169.726563,28739.238281,27843.763672,28177.984375,17052315986,1870.965088,1937.497559,1865.941895,1909.114014,10319231689,1.00017,1.00053,0.999557,1.00013,29374587800,311.000916,316.310822,310.514404,314.063171,592856922,20.924538,21.319178,20.670977,20.966007,324885702
2023-04-06,0.065906,0.066593,0.065833,0.066166,855417,80.50193050193056,80.16899262176572,-19.49806949806945,4830148.160506658,4.306838603903267,100.4663653006863,4.98706821319202,9,22,9,28175.226563,28178.384766,27738.759766,28044.140625,13837809380,1909.143555,1909.271729,1857.085083,1872.922607,8263191830,1.000165,1.00075,0.999618,1.000554,23758252949,314.083954,314.591217,311.061737,312.454651,530706217,20.969713,20.970621,20.506414,20.610128,222557225
2023-04-07,0.066152,0.066295,0.065678,0.065987,584051,77.04633204633211,80.2455561151214,-22.95366795366788,4831094.758561765,2.7898934513053786,100.18609654897182,3.1353057939075786,9,11,12,28038.966797,28111.59375,27794.03125,27925.859375,10861680497,1872.734131,1882.299194,1845.993896,1865.636108,8356130492,1.000358,1.000999,0.999572,1.000633,19099660090,312.453949,312.865265,309.983429,310.699493,478098163,20.611345,20.771725,20.267675,20.46994,171660856
2023-04-08,0.065984,0.066496,0.065836,0.066224,443041,81.62162162162173,79.72329472329483,-18.378378378378283,4908962.570682981,2.864243553898723,100.61379519902763,4.398272219945141,3,3,5,27920.513672,28159.863281,27883.386719,27947.794922,9373255556,1864.679077,1879.107788,1848.875488,1849.498169,5016362733,1.000484,1.000965,0.999981,1.000424,18174194744,310.665314,312.683258,310.388031,310.634735,461767801,20.466675,20.713236,19.947697,20.036449,194413927
2023-04-09,0.066226,0.066687,0.06596,0.066566,330692,88.22393822393822,82.29729729729736,-11.776061776061772,5129575.528041993,2.9907322884594625,100.77991850435596,3.6918188049099583,0,4,1,27952.367188,28532.830078,27828.480469,28333.050781,12175322951,1849.672241,1873.057373,1828.700073,1859.387817,6361497715,1.000455,1.000967,0.999873,1.000458,19753710646,310.659058,313.613159,309.884583,312.872253,465627007,20.03837,20.420706,19.964378,20.299465,152580905
2023-04-10,0.066565,0.067262,0.066326,0.067201,761672,98.55415975349597,89.46657319968533,-1.445840246504041,5791969.767358224,1.899981803845439,101.37950802360314,4.381795588692125,9,12,13,28336.027344,29771.464844,28189.271484,29652.980469,19282400094,1859.741211,1917.300171,1848.164185,1911.20752,8380134275,1.000517,1.00113,0.999893,1.000437,27938130200,312.868134,318.379059,311.811798,318.379059,565754261,20.300236,20.936527,20.115707,20.882357,224169192
2023-04-11,0.067203,0.06742,0.066176,0.066641,2275606,80.62670977368842,89.13493591704088,-19.373290226311585,5217580.471538321,0.159314646426706,100.3877895778861,3.1067720823727973,12,13,15,29653.679688,30509.083984,29609.300781,30235.058594,20121259843,1911.375854,1936.728271,1886.53418,1892.189697,8877222956,1.000493,1.001127,0.999952,1.00103,30207674345,318.41153,332.877777,318.143066,322.75827,896643000,20.883928,23.635956,20.860193,23.018827,1083533914
2023-04-12,0.066641,0.06668,0.063156,0.064985,1204511,42.89399624765482,74.02495525827975,-57.10600375234518,5263381.968133098,0.0538876058506655,98.08633589926042,-1.4602414023169852,12,17,14,30231.582031,30462.480469,29725.574219,30139.052734,18651929926,1891.949707,1929.881226,1860.036865,1920.682129,11010714187,1.00096,1.00153,1.000029,1.000721,30471411545,322.765228,323.489807,317.341034,318.953766,639928192,23.018801,24.344652,22.423229,23.985306,1204250258
2023-04-13,0.06509,0.065482,0.064798,0.065293,772949,50.11726078799261,57.87932226977864,-49.88273921200739,5609174.941817324,-0.393586672972181,98.73708405973684,-1.8666867062448231,19,12,9,29892.740234,30539.845703,29878.623047,30399.066406,17487721001,1917.698364,2022.150146,1901.860352,2012.634644,12546950499,1.000238,1.001468,1.000235,1.000977,30853738919,320.023468,325.235504,318.162628,324.94809,684442464,23.810883,25.242456,23.704796,24.432308,792335438
2023-04-14,0.065296,0.066768,0.065278,0.066269,939768,73.00656660412753,55.339274546591675,-26.993433395872465,5919487.596850878,0.4654194839452833,100.15199307395196,2.030792917628947,12,9,12,30409.5625,31005.607422,30044.498047,30485.699219,22659995079,2013.930664,2126.31665,2011.503296,2101.635498,16298099411,1.001059,1.001336,0.999935,1.000722,43263085148,324.975708,335.522766,324.037109,329.173859,941862415,24.435778,25.461393,23.817448,24.772722,859037933
2023-04-15,0.06627,0.06627,0.06583,0.065942,397608,65.33771106941846,62.82051282051288,-34.66228893058153,5724298.2150326995,0.0637329286798184,99.7185118935746,0.5964821284190973,6,5,0,30490.75,30601.740234,30245.882813,30318.496094,11940685378,2101.616455,2111.075439,2076.510742,2092.466797,8036468153,1.000795,1.00129,1.000292,1.00078,23715727388,329.172699,335.97052,327.572021,333.407288,730957108,24.774611,24.774611,23.872028,24.079378,379745930
2023-04-16,0.06594,0.06637,0.065706,0.06637,412887,75.37523452157603,71.23983739837404,-24.624765478423964,6137185.2150326995,0.3083154490221501,100.40825500701315,0.6185379460901604,0,4,2,30315.976563,30555.537109,30157.832031,30315.355469,12854816417,2092.281006,2137.445068,2076.832031,2120.005859,7898126856,1.000697,1.001188,0.999741,1.000536,24405645675,333.390198,349.956635,331.289825,348.220917,936315454,24.079786,25.454144,23.947815,25.361927,466841333
2023-04-17,0.066369,0.066401,0.065649,0.065993,1433115,66.53377110694181,69.08223889931212,-33.46622889305819,6015217.98099013,0.009092700077276,100.09924310877952,0.1411229135053048,7,16,10,30317.146484,30319.197266,29275.371094,29445.044922,17872186762,2120.001221,2120.113525,2063.038574,2076.24292,9648882546,1.00041,1.001024,0.999914,1.00053,32406207872,348.175751,350.072296,338.26062,339.99411,856381072,25.36248,25.938335,24.406898,24.558846,789077237
2023-04-18,0.065995,0.066617,0.065857,0.066548,369673,79.54971857410882,73.81957473420891,-20.450281425891177,6317766.146779604,0.489248610775536,100.9614217598613,0.577335791796381,17,14,12,29449.091797,30470.302734,29154.849609,30397.552734,19480529496,2075.855225,2121.531494,2057.653809,2104.537354,9134015143,1.00064,1.000875,0.999882,1.000408,32344221199,340.044769,346.493042,337.859314,343.193451,741280408,24.564686,25.423292,24.102089,24.85269,487693856
2023-04-19,0.066546,0.066896,0.065343,0.065607,1771251,57.481238273921214,67.85490931832398,-42.518761726078786,5148717.676077738,-1.4406754198840273,99.39981213015832,-0.5758710048949116,14,12,10,30394.1875,30411.054688,28669.898438,28822.679688,24571565421,2103.946289,2104.857178,1928.582886,1936.403442,13779745451,1.000439,1.000993,0.999942,1.000559,42801912254,343.169617,343.529907,321.052032,322.70752,826810466,24.85041,24.939508,22.266665,22.712835,836873906
2023-04-20,0.065598,0.066494,0.06515,0.065374,2162983,52.016885553470985,63.015947467167024,-47.983114446529015,3706729.0094110793,-2.718709543012746,99.02943716011366,-1.283522589997589,13,13,10,28823.683594,29076.400391,28037.257813,28245.988281,21340360360,1936.417969,1979.573364,1918.132813,1943.097656,11324135406,1.000328,1.00099,0.999654,1.000221,36282233270,322.587738,326.552521,315.902191,317.889923,663981561,22.70462,23.120537,21.664963,22.18144,658826580
2023-04-21,0.065377,0.065894,0.06451,0.064777,1591341,38.01594746716701,49.17135709818643,-61.98405253283299,2729388.0773301637,-2.7970768745967263,98.44293775007544,-2.6875582129014797,7,14,6,28249.230469,28349.96875,27177.365234,27276.910156,20759504330,1943.409912,1955.64917,1827.78894,1849.999878,12044274581,1.000244,1.000625,0.999469,1.000142,34553496031,317.921112,331.417175,316.116943,321.674988,1057530805,22.183802,22.37649,21.133299,21.278135,489546774
2023-04-22,0.064777,0.06586,0.064777,0.065857,1247010,63.344277673546,51.12570356472802,-36.655722326454,3969489.4346708767,1.341848118796642,100.10270864185736,-1.9999702385381144,3,6,1,27265.894531,27872.142578,27169.570313,27817.5,13125734602,1849.286499,1886.781616,1845.849243,1874.228638,6970642726,1.00014,1.000868,0.999587,1.000185,20337083601,321.656738,332.990997,320.310455,331.995087,670641138,21.277473,21.948162,21.108492,21.816288,246809009
2023-04-23,0.065856,0.066796,0.065567,0.066315,890249,74.0853658536586,58.48186366479056,-25.9146341463414,4162895.848828732,1.5652520178273246,100.81090883030636,-0.4891883375099515,4,4,3,27816.144531,27820.244141,27400.314453,27591.384766,12785446832,1874.171509,1882.229736,1838.992432,1862.062012,6607451862,1.000139,1.000772,0.999698,1.000023,19881820238,332.013336,332.220703,327.779541,330.618835,639990072,21.816427,22.217382,21.067719,21.480139,314447869
2023-04-24,0.066317,0.066587,0.065878,0.065978,1195403,66.18198874296431,67.87054409005633,-33.8180112570357,3304701.029364667,-0.4391193469042835,100.30187466337716,1.5280449334461703,7,19,8,27591.730469,27979.982422,27070.849609,27525.339844,17703288330,1862.085327,1888.193726,1811.792114,1842.757446,8438191338,1.000027,1.0008,0.999668,1.000121,25519663344,330.621307,333.44812,328.144867,331.24588,662758378,21.47946,21.950172,21.078793,21.391069,358681450
2023-04-25,0.065978,0.06604,0.065143,0.065579,323465,64.78609625668446,68.3511502844358,-35.213903743315534,3295685.8398440387,-0.5504837584544027,99.90554683810424,0.4380255157520631,9,14,10,27514.873047,28371.078125,27207.931641,28307.597656,17733373139,1842.204346,1877.484985,1805.322876,1866.753662,8677255481,1.000106,1.000487,0.999691,1.000159,25931247322,331.2005,339.701172,328.806793,338.325562,682400159,21.389921,21.937141,20.783756,21.927254,367752382
2023-04-26,0.065581,0.066563,0.06417,0.06503,1972259,31.54805575935444,54.17204691966776,-68.45194424064556,2741013.7516702022,-2.018984480940175,99.19374169227083,-1.869652477025442,11,13,9,28300.058594,29995.837891,27324.548828,28422.701172,31854242019,1866.148926,1962.567627,1792.463867,1866.564209,14356524696,1.000079,1.000896,0.999585,1.000282,43664074716,338.324799,344.816833,325.438538,330.821777,910334786,21.927477,22.921377,20.574015,21.283012,690088236
2023-04-27,0.065029,0.065909,0.065002,0.065808,1073727,60.088041085840246,52.14073103395973,-39.911958914159754,3575608.608340565,-0.2803327625657126,100.2856247169877,-0.2032088805313688,8,18,6,28428.464844,29871.546875,28402.886719,29473.787109,27153445027,1866.693237,1936.94519,1863.147949,1908.786377,14008145806,1.000451,1.000768,0.999458,0.999965,35809974908,330.846375,336.445282,329.102173,331.195099,750494420,21.284691,22.483582,21.226152,22.340115,509745191
2023-04-28,0.065809,0.066495,0.065752,0.066495,901224,85.28980190755686,58.975299584250536,-14.710198092443129,4476832.608340565,-0.079641762336956,100.95496917984998,0.1883381045653158,10,11,11,29481.013672,29572.791016,28929.609375,29340.261719,17544464887,1909.273071,1923.199219,1876.29187,1892.512817,7691759733,1.000233,1.000967,0.999875,1.000696,27117912216,331.19931,331.19931,319.590851,324.500244,1069178743,22.339731,23.460052,22.210754,23.366287,511781472
2023-04-29,0.066495,0.06768,0.066486,0.067653,1400474,99.23076923076924,81.53620407472214,-0.769230769230748,5813968.588240065,3.1185696648223606,102.31453275086528,2.515418301941128,4,1,1,29336.566406,29452.455078,29088.042969,29248.488281,10662634333,1892.565063,1916.973755,1887.990479,1908.916992,4796651246,1.000761,1.000941,1.000243,1.000601,16553983401,324.489471,324.743439,321.870605,322.134735,536818146,23.366915,23.750763,22.987078,23.182997,369964075
2023-04-30,0.067646,0.0678,0.067392,0.067392,838569,88.76033057851222,91.0936339056128,-11.239669421487774,4975399.588240065,3.086854101018741,101.68320993242588,1.268257498347054,0,4,4,29245.515625,29952.029297,29114.021484,29268.806641,14652199272,1908.741333,1938.417969,1876.924316,1876.924316,6539641957,1.000452,1.000901,1.000148,1.000438,21489188232,322.106628,337.944916,320.723053,337.645538,865228956,23.183659,23.929724,22.832014,22.832014,368042267
2023-05-01,0.067392,0.069048,0.067068,0.068305,1341828,84.76834768347695,90.91981583091948,-15.231652316523055,5310178.89733098,5.446377572286465,102.54642239770772,4.112366058499864,10,17,6,29227.103516,29329.935547,27680.792969,28091.568359,18655599976,1868.891113,1886.206421,1809.193237,1831.954834,8625783201,1.000555,1.000988,0.999677,1.000329,29128129876,337.605225,339.391663,326.670044,328.724213,912601797,22.828505,22.878492,21.640711,21.986633,438350469
2023-05-02,0.068305,0.069345,0.067524,0.068999,1506249,93.31400966183575,88.947562641275,-6.685990338164235,6244036.734233783,4.770943103998065,102.83404516247164,5.545017897023286,9,19,3,28087.175781,28881.298828,27924.123047,28680.537109,16432924527,1831.726563,1879.759521,1824.327026,1870.789307,7536785767,1.000424,1.00097,0.999712,1.000434,24895722187,328.738037,328.758972,321.952698,321.952698,686766524,21.986553,22.373878,21.772896,22.264978,296722866
2023-05-03,0.069001,0.06941,0.068471,0.069254,692802,97.0229007633587,91.70175270289047,-2.9770992366412883,6706642.542540486,4.4318781572796455,102.29412583930146,6.911403738981421,11,23,4,28680.494141,29259.533203,28178.388672,29006.308594,19122972518,1870.687134,1915.50415,1845.871826,1904.651855,8306390869,1.000445,1.000789,0.99994,1.000271,29787863486,321.975708,327.43692,320.988495,326.212891,822037855,22.265135,22.267185,21.2827,22.218002,445797367
2023-05-04,0.069253,0.069552,0.069024,0.069269,475900,94.74173169825332,95.02621404114927,-5.258268301746666,6672392.163752598,4.9880263118009065,101.57446995707706,5.1809223013498915,11,10,9,29031.304688,29353.185547,28694.039063,28847.710938,15548678514,1905.168945,1915.871704,1868.629761,1877.704102,6578438233,1.000219,1.0008,1.00005,1.000451,22536823772,326.203735,327.444122,323.523224,323.917145,467074893,22.218752,22.441139,21.651815,21.730349,291826693
2023-05-05,0.06927,0.071197,0.069238,0.071081,700578,98.34922442009405,96.70461896056872,-1.650775579905952,7290002.274012941,8.389880906997679,103.23973499490616,7.186910955289159,8,18,9,28851.480469,29668.908203,28845.509766,29534.384766,17936566518,1877.83313,1998.413574,1876.946655,1995.060913,9498261360,1.000405,1.001291,1.000082,1.001018,29375040253,323.926178,328.904572,323.926178,326.940308,519090054,21.730816,23.029722,21.706457,22.826111,423211212
2023-05-06,0.071082,0.071147,0.069777,0.070313,477256,87.41995161519857,93.503635911182,-12.580048384801437,7186190.3849618435,8.123942795632779,101.56372198021928,6.570371942162548,3,4,2,29538.859375,29820.126953,28468.966797,28904.623047,15913866714,1995.479126,2017.559448,1870.605591,1900.221802,9623243037,1.001016,1.002118,1.000686,1.001834,27117468583,326.945374,328.736908,320.579102,322.774017,494274153,22.828093,23.222301,21.729971,21.974262,351934449
2023-05-07,0.070314,0.070512,0.069641,0.069748,733028,79.37953607513884,88.3829040368105,-20.62046392486116,6633263.409072076,5.987114028689519,100.26018083286615,6.357218011863564,2,2,1,28901.623047,29157.517578,28441.367188,28454.978516,11301355486,1899.917603,1933.998413,1873.076416,1873.076416,6883942236,1.001809,1.002081,1.000965,1.001541,18725657881,322.757965,325.814148,321.512939,321.611053,437921018,21.971926,22.738605,21.808727,21.844229,303626005
2023-05-08,0.069737,0.069818,0.067619,0.068443,1283235,60.80831080119545,75.8692661638443,-39.19168919880455,6311725.216711916,2.929543574704873,98.3564186102848,5.248346916807626,11,10,8,28450.457031,28663.271484,27310.134766,27694.273438,19122903752,1872.475098,1886.162109,1818.450562,1849.042725,9895102899,1.00157,1.001905,1.000448,1.000926,32860419478,321.425751,322.425018,311.885345,313.971222,636404503,21.807779,21.807779,20.26063,20.657463,553548056
2023-05-09,0.068444,0.069215,0.068189,0.0691,1158381,70.15796214600819,70.11526967411417,-29.842037853991805,7210430.164080328,2.1388556309402245,99.27997898228271,5.002431315341583,7,13,5,27695.068359,27821.400391,27375.601563,27658.775391,14128593256,1849.061035,1860.66748,1832.906982,1848.603149,6129516088,1.000934,1.001088,1.00008,1.000724,22126554663,314.002075,315.734039,311.599457,312.513702,461175016,20.658003,20.964788,20.459637,20.683645,272780907
2023-05-10,0.069102,0.070012,0.068823,0.069372,1608310,70.54075867635197,67.16901054118522,-29.459241323648033,7087338.313785973,2.9380341880342025,99.64664310954063,4.326641100834657,7,15,5,27654.636719,28322.6875,26883.669922,27621.755859,20656025026,1848.213501,1886.800293,1795.668823,1842.401489,9945549603,1.000719,1.001385,0.999761,1.000834,31704546238,312.498444,316.677887,308.815277,314.577454,545212280,20.682779,21.29501,20.165688,20.953711,490700208
2023-05-11,0.069375,0.069672,0.066892,0.067402,1291988,30.30303030303033,57.00058370846352,-69.69696969696967,6269389.07637591,-1.3220115657711748,97.18925800119064,-0.3710108938258483,12,22,8,27621.085938,27621.941406,26781.826172,27000.789063,16724343943,1842.492065,1842.492065,1774.132568,1796.490601,8353828312,1.00081,1.001142,1.000109,1.000723,26131663102,314.58963,314.58963,304.961517,307.695831,484941644,20.9555,20.9555,19.855696,20.23488,376535594
2023-05-12,0.067426,0.069008,0.06717,0.068997,1467435,53.300785395882045,51.3815247917548,-46.699214604117955,7719259.566038592,-0.0028985927332309,99.91807602792863,2.381588319088333,9,18,10,26987.662109,27055.646484,25878.429688,26804.990234,19313599897,1795.176636,1812.424927,1742.403809,1808.019775,9047198660,1.000486,1.000923,0.999956,1.000581,28824954947,307.689026,308.820099,301.582397,308.603119,509746023,20.232479,20.929598,19.864313,20.911795,362726295
2023-05-13,0.069,0.06942,0.068437,0.069373,1726015,57.630662020906136,47.07815923993952,-42.369337979093864,9280223.284248184,0.1718312299650677,100.6583270285116,1.5635751409120848,2,6,0,26807.769531,27030.482422,26710.873047,26784.078125,9999171605,1808.375,1816.058472,1788.475586,1796.114868,4647630864,1.000512,1.001033,1.000241,1.000559,15655448449,308.634308,311.897949,307.839539,311.086884,385073781,20.915911,21.247978,20.821968,20.868761,224618367
2023-05-14,0.06937,0.069575,0.068885,0.069084,2734764,50.91753774680631,53.949661721198176,-49.08246225319369,8122902.866856926,-0.2670747376171025,100.37715013979673,0.1231901911621932,0,4,1,26788.974609,27150.976563,26661.355469,26930.638672,10014858959,1796.10791,1823.490723,1793.22876,1800.500977,4711210241,1.000596,1.000802,1.00011,1.000513,14874679168,311.089447,314.637726,310.005859,312.135895,404468149,20.868267,21.243988,20.666637,20.953398,184522451
2023-05-15,0.069094,0.070293,0.068839,0.070111,620630,74.77351916376332,61.107239643825274,-25.226480836236675,8588161.945261339,-1.3646403398939215,101.5178750576598,1.2374736477315542,10,14,4,26931.384766,27646.347656,26766.097656,27192.693359,14413231792,1800.371216,1845.695435,1787.536377,1817.549927,6748889346,1.000455,1.000837,0.999935,1.000262,21594744662,312.133606,316.365814,311.01413,313.529419,432273711,20.953228,21.48564,20.64781,21.007189,307353987
2023-05-16,0.070117,0.070738,0.070062,0.070322,1893510,79.67479674796748,68.45528455284573,-20.325203252032523,8151198.099107481,0.0127999089784181,101.5666620586348,1.520160533572014,8,15,8,27171.513672,27299.304688,26878.947266,27036.650391,12732238816,1816.824219,1830.351563,1797.84375,1824.12146,5595959668,1.000369,1.000727,0.999816,1.000116,19841483059,313.542908,314.037933,309.692749,311.380035,402988974,21.008013,21.120253,20.47538,20.67942,279283146
2023-05-17,0.070322,0.070982,0.070145,0.070893,739692,92.93844367015102,82.46225319396062,-7.061556329848978,8733584.034591341,1.6416241325916057,102.0710351267632,-0.2644869937114104,13,14,3,27035.470703,27465.927734,26600.144531,27398.802734,15140006925,1824.068359,1835.554565,1786.671997,1821.859619,6352161579,1.000077,1.000742,0.999598,1.000092,24293380413,311.369812,314.269989,307.641205,314.083527,437721579,20.679012,21.170769,20.500479,21.068399,279742763
2023-05-18,0.070892,0.07099,0.069925,0.070161,981860,75.93495934959363,82.84939992257073,-24.065040650406377,8186877.011117165,2.510117908332477,100.44708870804452,-0.2161762405245109,6,13,15,27401.650391,27466.527344,26415.101563,26832.208984,15222938600,1822.068237,1831.450317,1774.195068,1801.728516,5673124255,1.000052,1.000485,0.99958,1.000077,22493741162,314.091217,314.66629,306.649628,309.456696,383049498,21.068193,21.068193,20.168507,20.348696,293327002
2023-05-19,0.070156,0.070567,0.06999,0.070366,1049111,81.64512338425376,83.50617546799948,-18.354876615746235,8505064.922728935,1.8321273516642596,100.45930125838755,0.8860469117393955,13,16,9,26826.753906,27128.619141,26700.210938,26890.128906,11258983301,1800.994385,1826.194214,1797.434448,1812.589478,4796110259,1.000017,1.000757,0.999496,1.000248,17414028938,309.446777,311.197601,307.930054,308.964294,334636708,20.348099,20.5581,20.312674,20.349871,149073606
2023-05-20,0.070368,0.072675,0.07032,0.07255,894222,97.83849213211136,85.1395249553196,-2.1615078678886372,9304358.897251228,4.5810990024793865,102.91051233365825,6.000613649314027,8,6,2,26888.841797,27155.158203,26843.277344,27129.585938,7044911360,1812.766113,1829.009644,1808.046753,1820.478027,2951655969,1.00025,1.000578,1.000016,1.000399,11851408172,308.982422,311.842316,308.087982,310.719971,277393160,20.350309,20.361488,20.146999,20.285446,121021517
2023-05-21,0.07255,0.076273,0.07164,0.074993,2973864,86.35539921117163,88.61300490917894,-13.64460078882837,10634991.33239046,11.26227708376606,105.11718155531882,8.528219971056455,2,5,3,27118.423828,27265.917969,26706.921875,26753.826172,8647416921,1820.138062,1827.921997,1799.946899,1804.531372,3386768865,1.000476,1.000705,1.00009,1.000183,13532622119,310.709625,311.5177,306.478516,306.506714,302803530,20.285702,20.383839,19.508217,19.609438,210641913
2023-05-22,0.07499,0.078826,0.074223,0.0782,4517891,94.7544829897772,92.9827914443534,-5.245517010222789,13924031.684552116,13.338261083815242,107.86525710119513,12.725595341059798,6,15,12,26749.892578,27045.734375,26549.734375,26851.277344,11056770492,1804.841919,1826.696533,1793.223999,1817.53479,4534841049,1.000142,1.000834,0.999855,1.000201,17216429735,306.523468,310.835388,305.047638,309.245636,355156561,19.612019,19.981628,19.383373,19.542046,216922971
2023-05-23,0.078195,0.079044,0.077658,0.078192,1078238,92.9888084265964,91.36623020918177,-7.011191573403595,13676643.745158168,12.712438556787212,106.20717757662192,16.008427049642435,11,12,9,26855.960938,27434.683594,26816.179688,27225.726563,13697203143,1817.781128,1869.343994,1816.287964,1854.380615,6820047160,1.000245,1.000628,0.999703,1.000104,21420969303,309.249176,315.212677,309.238892,313.506226,361568579,19.542263,20.152935,19.45126,20.043182,258761187
2023-05-24,0.078194,0.078213,0.076759,0.077036,2308638,83.47597103357465,90.40642081664944,-16.524028966425348,12247638.105543304,11.510624746685174,103.40442341101976,11.651231212951274,10,12,13,27224.603516,27224.603516,26106.576172,26334.818359,16299104428,1854.299683,1854.299683,1780.925537,1800.099976,7101647419,1.000061,1.000449,0.999595,1.000039,25306791660,313.519135,313.550415,304.165527,305.93277,418835791,20.04435,20.062014,18.914326,19.223663,297840141
2023-05-25,0.077033,0.077847,0.07688,0.076908,798935,82.01111672561903,86.15863206193005,-17.988883274380978,11494970.282378878,9.694627091326604,101.9140739618927,10.861574387730096,13,13,14,26329.460938,26591.519531,25890.59375,26476.207031,13851122697,1799.845215,1815.994751,1763.365112,1805.953735,6321689859,0.99995,1.000374,0.99948,1.000046,20956153601,305.922699,306.675873,302.942352,304.733643,401117895,19.222572,19.525496,18.892263,19.260662,194537149
2023-05-26,0.076914,0.077134,0.075841,0.07585,522545,69.88780993683416,78.45829923200931,-30.11219006316584,10979699.690731542,7.860982338386288,99.47932377667318,9.793874124254522,8,9,8,26474.181641,26916.669922,26343.949219,26719.291016,12711619225,1805.725464,1837.865845,1798.406006,1828.689697,5451414258,0.999998,1.000976,0.999764,1.000344,19111705070,304.725708,308.414368,301.893555,306.886322,475658791,19.260941,19.541164,19.120453,19.366957,140228468
2023-05-27,0.075843,0.076871,0.075623,0.076866,624060,78.65752082312594,76.85214916185974,-21.342479176874065,11598759.20996232,8.425373450129078,100.0031595870234,9.634722083553218,5,5,4,26720.181641,26888.882813,26621.140625,26868.353516,7892015141,1828.575684,1836.18457,1817.492065,1831.118286,3216737652,1.000383,1.000904,1.000041,1.000504,12433601962,306.894897,307.59845,304.40213,307.591766,331579600,19.366158,20.499245,19.35017,20.425234,179682882
2023-05-28,0.076867,0.077693,0.076846,0.077549,427956,85.35031847133762,77.96521641043259,-14.649681528662375,11881200.06474391,10.530066561194976,100.41472361316389,10.277011461562545,2,5,4,26871.158203,28193.449219,26802.751953,28085.646484,14545229578,1831.098633,1915.723267,1825.467285,1910.914185,6359610561,1.000553,1.000825,0.999897,1.000173,21242373192,307.580719,314.450989,306.997986,314.27005,405623337,20.426081,21.15099,20.336889,20.798578,291460886
2023-05-29,0.077554,0.077844,0.076507,0.076507,463481,72.17896699199477,78.72893542881947,-27.82103300800523,11417719.06474391,8.727226217207185,99.37670251694168,7.918976485689713,9,10,7,28075.591797,28432.039063,27563.876953,27745.884766,15181308984,1909.297485,1926.421753,1879.077515,1893.078125,5884674572,1.000353,1.00063,0.999794,1.000244,22313821215,314.284637,316.795593,310.792938,311.80719,543284868,20.800047,20.970686,20.297682,20.58651,228295637
2023-05-30,0.076515,0.077153,0.076171,0.076485,1083918,71.93771246847237,76.4889993106016,-28.062287531527637,11026978.76739156,5.423845623707779,99.66381298620068,9.013554538846362,9,14,9,27745.123047,28044.759766,27588.501953,27702.349609,13251081851,1893.09314,1916.574951,1883.934692,1901.026611,5363439784,1.000267,1.000871,0.999902,1.000153,21495789250,311.810333,314.276611,311.313507,311.684509,392038878,20.587137,21.381718,20.519501,21.254084,367512387
2023-05-31,0.076483,0.076697,0.075292,0.075356,1650205,59.55696896589544,67.89121614212088,-40.44303103410457,9527112.72824567,0.4840451775499075,98.5007123903638,7.09149305062105,21,18,5,27700.529297,27831.677734,26866.453125,27219.658203,15656371534,1901.098267,1907.0354,1852.094727,1874.130493,5984512548,1.000203,1.000878,0.999714,1.000334,23174506660,311.695709,311.846649,305.376404,306.866699,474410245,21.255285,21.318878,20.468752,20.824503,246152341
2023-06-01,0.075353,0.075392,0.074438,0.074961,553375,54.9039098740888,62.13286376948556,-45.0960901259112,9580478.032228896,-4.141943734015353,98.3419357015147,3.32322536181943,10,15,10,27218.412109,27346.105469,26671.720703,26819.972656,14678970415,1873.914673,1887.705322,1846.227417,1862.201416,5640027197,1.000214,1.000635,0.999432,1.000334,20725195153,306.882813,307.61377,303.644562,304.953278,354897855,20.824892,20.972609,20.46447,20.502218,209047110
2023-06-02,0.074964,0.083342,0.074925,0.082838,8702887,96.12962678544,70.19683520847475,-3.870373214560008,17241127.881700195,5.941784325762224,107.27095134323169,10.46097635779338,13,10,8,26824.556641,27303.861328,26574.644531,27249.589844,14837415000,1862.423706,1910.278442,1851.964722,1907.256592,6097746022,1.000367,1.000626,0.999749,1.000383,20867435500,304.950684,308.396149,303.740143,307.423798,382256220,20.502729,21.35614,20.383593,21.257595,237609887
2023-06-03,0.082845,0.085495,0.081402,0.081797,10560284,73.30927463009739,74.78093709654208,-26.6907253699026,8719110.2779865,6.180227426138431,104.96541660479602,4.599744245524282,3,5,2,27252.324219,27317.052734,26958.003906,27075.128906,8385597470,1907.420776,1908.822266,1885.485474,1892.412476,3472274607,1.000392,1.000622,1.000025,1.000159,13418796255,307.433899,308.197662,305.648987,306.720123,260995871,21.258623,21.335468,21.017078,21.155565,144933830
2023-06-04,0.081795,0.082149,0.080376,0.081442,1868327,64.04364797728886,77.82751646427543,-35.95635202271114,9097412.248093665,5.895355489675971,103.76929881722504,4.156435440965831,1,5,3,27075.123047,27407.019531,26968.224609,27119.066406,9360912318,1892.398193,1912.205688,1885.651855,1890.51355,3747042696,1.000183,1.000631,0.9999,1.000151,14904403851,306.718445,307.583923,305.012115,305.156799,273449324,21.15741,22.284592,21.061323,21.818975,317802167
2023-06-05,0.081439,0.081913,0.0779,0.07829,1474125,34.83765940128421,57.39686066955684,-65.1623405987158,7909810.422775947,3.21687541199736,99.43048320932418,1.6278103743704309,10,13,5,27123.109375,27129.982422,25445.167969,25760.097656,21513292646,1890.417603,1890.640503,1780.211548,1811.828369,9246593033,1.000203,1.000628,0.999396,1.000306,33807354175,305.167267,305.167267,272.889557,276.889252,928515688,21.821796,22.042025,19.423832,20.07506,594214946
2023-06-06,0.078289,0.079118,0.07757,0.078215,626562,34.15935606403187,44.346887814201665,-65.84064393596815,7805383.422775954,1.7550022116410415,99.02441494739546,1.699433088885425,8,19,7,25732.109375,27313.820313,25434.867188,27238.783203,21929670693,1810.581421,1896.222656,1801.405273,1884.494873,8704411776,1.000353,1.000674,0.999465,1.000174,30910972861,276.933624,285.59671,273.723938,281.495575,691784529,20.062506,20.683781,19.320532,20.398483,441408235
2023-06-07,0.078213,0.078517,0.076771,0.076872,1761988,22.01320430496511,30.33673992342709,-77.98679569503489,6247245.122661387,-0.8729964280648504,97.05798003300777,1.3473961766644629,6,19,12,27235.650391,27332.181641,26146.988281,26345.998047,19530045082,1884.372925,1893.809082,1822.303101,1832.395996,7919894455,1.00017,1.000681,0.999781,1.000066,28078183756,281.481445,281.481445,256.095703,259.391449,958739195,20.399315,20.486584,18.549921,18.634283,390444801
2023-06-08,0.076873,0.077629,0.07649,0.077539,624537,28.045581984263304,28.07271411775345,-71.9544180157367,6773084.440484031,1.34889617943455,97.44700561766486,0.8755496578461128,10,20,8,26347.654297,26797.513672,26246.664063,26508.216797,11904824295,1832.51355,1861.136108,1830.165039,1846.30188,4536041931,1.000157,1.00062,0.999662,1.000311,18183759822,259.400909,266.80722,257.764526,262.148499,562863852,18.635647,19.077765,18.294737,18.909475,258460307
2023-06-09,0.077538,0.078244,0.071384,0.071784,3809535,2.8346679895117117,17.631151426246728,-97.1653320104883,3407810.0818834463,-6.146303196705232,92.0410522054662,-7.434009464983438,9,14,7,26505.923828,26770.289063,26339.314453,26480.375,11015551640,1846.077881,1854.824951,1828.544556,1840.22522,4610831509,1.000203,1.000625,0.999614,0.999949,18180149900,262.150787,263.921417,256.509399,260.716095,491429998,18.908403,19.299477,17.161293,17.3797,463344687
2023-06-10,0.071788,0.071884,0.065311,0.069407,5552905,20.293301625049548,17.05785053294154,-79.70669837495045,4775549.804232445,-7.894527310366804,91.05986516702306,-9.280196583319183,1,8,3,26481.761719,26531.044922,25501.835938,25851.240234,19872933189,1840.391968,1844.785645,1721.443115,1752.384766,10788500406,1.000012,1.001111,0.999721,1.000439,39594900162,260.698669,260.716095,233.169189,239.089081,1068424942,17.381353,17.392958,13.379449,15.656101,1230339924
2023-06-11,0.069408,0.070207,0.068581,0.06992,783191,22.834918747522792,15.320962787361369,-77.16508125247721,5282263.784552239,-6.72483024506077,93.75760257611196,-8.583382362554753,2,3,1,25854.03125,26203.439453,25668.986328,25940.167969,10732609603,1752.527588,1776.847168,1741.110474,1753.415283,4559112981,1.000481,1.000951,1.000078,1.000315,17537918491,239.087418,239.348267,234.430695,235.438797,376213808,15.65445,16.115692,15.198493,15.558776,446176848
2023-06-12,0.069919,0.071006,0.069546,0.070822,1189007,27.303804994054698,23.477341788875695,-72.6961950059453,6171575.869483741,-14.50542021777445,96.34541422849468,-6.016773714103734,8,17,5,25934.285156,26087.919922,25675.197266,25902.5,11677889997,1753.075439,1757.65979,1722.906372,1742.528687,6031384958,1.000185,1.001113,0.999483,1.000055,21083018568,235.403915,238.473221,222.071335,231.051437,1014433334,15.557232,15.606237,14.81719,15.196708,384209938
2023-06-13,0.070829,0.072375,0.070829,0.071778,894095,32.040229885057464,27.392984542211668,-67.95977011494253,6375147.305447514,-12.248615474895168,98.8829454343642,-4.2462080281746575,9,20,8,25902.941406,26376.351563,25728.365234,25918.728516,14143474486,1742.390137,1761.955444,1727.749878,1739.037598,6214125203,0.999973,1.0005,0.999447,0.999862,23706670402,231.075043,245.642197,229.311691,243.890533,864407068,15.196287,15.873086,14.816585,15.018193,363876713
2023-06-14,0.071778,0.072657,0.070533,0.070911,1990467,27.74474831549745,29.02959439820322,-72.25525168450254,5093151.610532266,-12.930674590506126,98.84817817393228,-14.39798160264612,10,12,12,25920.257813,26041.800781,24902.152344,25124.675781,14265717766,1739.250122,1749.163208,1637.187744,1650.519287,7462905534,0.999815,1.000723,0.998983,0.999837,23021035089,243.890533,251.630157,234.042557,237.574265,738634212,15.01819,15.30515,14.195953,14.486572,296502336
2023-06-15,0.070914,0.071945,0.069551,0.070853,1603038,27.457391993658355,29.080790064737773,-72.54260800634164,5233768.9789533205,-9.499297483714397,100.10010595892828,-13.379463794515686,10,23,8,25121.673828,25735.308594,24797.167969,25576.394531,15837384409,1650.498169,1676.406616,1624.138306,1665.519775,7328564880,0.999812,1.000117,0.995761,0.999183,26724033220,237.609695,240.155334,231.065811,236.280685,502420772,14.486286,15.010393,14.214148,14.759473,329864409
2023-06-16,0.070843,0.070962,0.069261,0.070466,1117930,25.540031708283816,26.914057339146563,-74.4599682917162,5699737.450440683,-9.907306782586469,99.8188834722568,-13.477075710321454,8,17,8,25575.283203,26463.173828,25245.357422,26327.462891,16324646965,1665.410645,1727.289551,1653.170898,1716.668823,6281023479,0.999142,0.999629,0.998432,0.99933,22643402807,236.273453,242.801987,232.828522,239.11467,488582672,14.760416,15.399172,14.469567,15.308254,232544705
2023-06-17,0.070467,0.071384,0.070331,0.071339,294088,35.799976244209546,29.599133315383927,-64.20002375579045,5968689.723944955,-7.197679259027991,100.66197799185228,-8.87852854770724,1,4,3,26328.679688,26769.394531,26174.492188,26510.675781,11090276850,1716.671753,1766.763184,1714.150879,1727.204102,4875187477,0.999356,1.000118,0.999003,0.999704,16785486745,239.129028,249.130112,237.417908,244.61058,451849200,15.308581,16.065783,15.185427,15.650521,206436912
2023-06-18,0.071339,0.071733,0.0699,0.070044,867556,28.508613420069867,29.949540457521096,-71.49138657993014,5237443.668298465,-9.666103509201823,98.80998684032863,-10.44684523429011,3,3,2,26510.457031,26675.925781,26325.890625,26336.212891,9565695129,1727.193726,1746.509155,1718.11145,1720.577515,3820038842,0.999711,1.000442,0.999443,0.999808,14276388752,244.59581,248.272568,242.76915,244.087265,372246652,15.649475,15.812691,15.361244,15.438235,141612316
2023-06-19,0.070046,0.070131,0.06971,0.070061,377504,34.402839139566915,32.90380960128213,-65.59716086043308,5489411.896326969,-2.4002563245291464,98.98577460581448,-8.860183161619313,5,13,13,26335.441406,26984.611328,26312.832031,26851.029297,12826986222,1720.505371,1745.134644,1705.813477,1737.659424,5210480121,0.999749,1.000285,0.999224,0.999862,17980147544,244.090042,244.412003,239.14566,242.903366,359118142,15.438766,16.075371,15.414377,16.073042,163949883
2023-06-20,0.070056,0.070331,0.068627,0.070328,879530,37.99030743601396,33.63391999855026,-62.00969256398603,6365844.959707248,1.3269554944025894,99.65465726859406,-9.299836211454874,16,6,8,26841.664063,28388.96875,26668.791016,28327.488281,22211859147,1736.879761,1793.313965,1715.342529,1792.119995,7171072578,0.999777,1.000964,0.999322,1.000385,27490561659,242.881851,247.822693,239.018738,247.674438,477391843,16.078037,16.665106,15.759371,16.635231,265787114
2023-06-21,0.07033,0.072305,0.070294,0.072243,1327856,53.599319570092064,41.99748871522433,-46.40068042990792,7611824.209831574,3.32236842105264,102.09293123427828,0.6394182547642944,11,11,12,28311.310547,30737.330078,28283.410156,30027.296875,33346760979,1791.994995,1898.668945,1788.489258,1891.007202,11731457711,1.000281,1.000842,0.99928,1.000053,41597850081,247.682938,253.541931,245.548248,249.286346,717670519,16.635487,17.379574,16.583469,17.257046,357788986
2023-06-22,0.072239,0.073739,0.071755,0.071968,973915,51.47297610763172,47.68753437124593,-48.52702389236829,6847026.039468676,1.6181412555420749,101.47588171191803,3.6898295560966585,11,11,12,29995.935547,30495.998047,29679.158203,29912.28125,20653160491,1889.794434,1932.065552,1867.876587,1872.942993,8477657143,1.000182,1.000807,0.999151,1.000184,31071097282,249.276474,256.220032,240.0522,240.792435,709030407,17.257149,17.698505,16.610346,16.64262,299233520
2023-06-23,0.071975,0.073577,0.071892,0.073134,1774678,92.82154722354066,65.9646143004215,-7.178452776459351,7688549.910091827,1.8891582379002063,102.56873638846204,4.596681922196809,11,13,10,29896.382813,31389.539063,29845.214844,30695.46875,24115570085,1872.540771,1932.531616,1865.192017,1892.862061,8290615074,1.000225,1.001391,0.999911,1.000566,31145738921,240.792053,248.809784,240.094818,244.564941,493157882,16.642969,17.510693,16.236748,17.149534,386994632
2023-06-24,0.073143,0.073306,0.071734,0.072141,559691,69.01899961225274,71.1045076478084,-30.981000387747255,7418673.460982407,1.7345686846892514,101.01376422980525,1.8624156335601945,3,4,2,30708.738281,30804.148438,30290.146484,30548.695313,12147822496,1893.771973,1905.227417,1867.811523,1876.059692,5026191704,1.000607,1.001013,1.000183,1.000521,20749225264,244.553513,248.428619,231.994751,236.659653,558809140,17.149275,17.517597,16.463318,16.652863,260480952
2023-06-25,0.072145,0.073396,0.072124,0.073185,1020405,89.1627543035994,83.66776704646429,-10.837245696400592,8100547.871359764,3.291321468392306,101.83576511748105,1.960210649502641,4,7,0,30545.150391,31041.271484,30327.943359,30480.261719,12703464114,1875.849121,1929.079102,1870.850098,1900.506104,6937581709,1.000467,1.000933,0.99995,1.000465,21373038596,236.636765,241.872757,235.636139,238.89299,414941211,16.651472,17.340685,16.607138,16.97138,252839095
2023-06-26,0.073181,0.07429,0.07255,0.073518,1176380,86.36764965565963,81.51646785717061,-13.632350344340365,8233059.641474708,4.331166803848664,101.60093343362612,3.676439480475523,12,11,9,30480.523438,30636.029297,29955.744141,30271.130859,16493186997,1900.050293,1905.360474,1840.215088,1859.432861,8619702292,1.000563,1.000836,0.999629,1.000212,26117984793,238.87912,241.173843,234.296341,236.134262,427457532,16.969646,17.101677,16.020975,16.270027,275948459
2023-06-27,0.07352,0.075145,0.07352,0.07451,1440596,90.2577477753913,88.59605057821678,-9.742252224608707,8547774.459936254,4.444973997392741,102.1286511232644,5.161390484524307,12,12,7,30274.320313,31006.787109,30236.650391,30688.164063,16428827944,1859.346191,1911.311157,1856.838379,1889.703369,7686042202,1.000219,1.000604,0.9996,1.000195,23449790413,236.131073,240.822845,234.990067,237.492676,348181738,16.269871,16.909897,16.178589,16.61965,259041273
2023-06-28,0.074512,0.074524,0.072955,0.073619,1025890,76.58791040196384,84.40443594433827,-23.412089598036165,8390196.709776914,5.103934669636241,100.63623492652442,4.4744983396247875,9,14,9,30696.560547,30703.279297,29921.822266,30086.246094,14571500779,1889.906494,1890.208984,1822.102783,1827.971191,7135265016,1.000095,1.000696,0.999531,1.000025,23894930229,237.50264,237.580154,226.977097,230.65036,480872336,16.621904,16.627329,15.747582,15.986843,327399744
2023-06-29,0.073621,0.074533,0.073524,0.074359,450829,87.94108622276761,84.92891480004091,-12.058913777232398,8685536.6195886,6.134654087152619,101.17539351482895,4.233308568945451,13,12,6,30086.1875,30796.25,30057.203125,30445.351563,13180860821,1828.059326,1876.530273,1828.059326,1852.227295,5677228612,1.000081,1.000545,0.999648,0.99983,21010132360,230.632401,236.421005,230.587692,233.232452,332343168,15.985511,18.199755,15.906377,17.970457,737633196
2023-06-30,0.074357,0.076643,0.07434,0.075934,1390571,91.15518962075848,85.22806208182999,-8.844810379241522,9219907.151503492,7.971220566488453,102.75912199912618,8.40900005710697,11,12,8,30441.353516,31256.863281,29600.275391,30477.251953,26387306197,1852.008423,1945.274292,1831.281006,1933.188965,12895131248,0.999702,1.000638,0.9992,1.000081,43642431673,233.194443,241.312943,232.200516,240.369781,626872820,17.971071,19.855125,17.314871,18.897322,1120379648
2023-07-01,0.075934,0.077364,0.07589,0.076964,1212771,95.42176948609364,91.50601510987326,-4.578230513906343,9774457.79872195,6.534889193416666,103.19083527904247,9.8528425229443,2,4,2,30471.847656,30641.289063,30328.865234,30590.078125,9086606733,1933.323853,1942.701538,1910.848633,1924.565918,5136809625,0.999819,1.000728,0.999508,1.000129,19795362801,240.386902,248.470261,240.386902,247.75943,603755323,18.896065,18.971428,17.945799,18.683903,349552752
2023-07-02,0.076965,0.07701,0.075433,0.075847,401501,82.63706077601003,89.73800662762073,-17.36293922398996,9583763.918569762,5.389895509115153,101.17732029095706,7.847514503469452,4,0,2,30587.269531,30766.140625,30264.019531,30620.769531,10533418042,1924.44812,1958.160767,1895.906982,1937.438354,6343966490,1.000108,1.000833,0.999716,1.000085,20337659643,247.786026,248.056396,243.241272,246.257919,519491311,18.689669,19.704559,18.582005,19.453594,497231250
2023-07-03,0.075847,0.077732,0.075793,0.077372,393789,96.04612850082373,91.36831958764247,-3.9538714991762673,9831329.05059658,5.794842344190105,102.45911408329472,7.099649793059528,10,12,4,30624.515625,31375.613281,30586.513672,31156.439453,15271884873,1937.883789,1974.775024,1934.688843,1955.38916,7858509087,1.000049,1.000817,0.999707,0.999998,26282530169,246.254639,251.379852,245.884827,246.382217,669962148,19.452414,19.613159,18.943146,19.240538,324227812
2023-07-04,0.0774,0.078507,0.07724,0.07724,372468,84.57323755022537,87.75214227568638,-15.426762449774634,9458861.05059658,7.068102743238944,101.75877741914236,7.325477990217872,9,9,6,31156.865234,31325.197266,30659.355469,30777.582031,12810828427,1955.52417,1966.365356,1932.611328,1936.633545,5683423776,0.999945,1.000882,0.999797,1.000301,20970952942,246.345291,246.838791,241.228531,242.49292,439591635,19.242031,19.876696,19.096739,19.143229,345225951
2023-07-05,0.077247,0.077716,0.076875,0.077105,407482,79.30016240956756,86.63984282020556,-20.69983759043244,9274258.622534756,5.356288857006226,100.91881208853056,5.429759072387675,9,19,17,30778.724609,30877.330078,30225.613281,30514.166016,12481622280,1936.796753,1942.432495,1897.124756,1910.588013,6034088075,1.000391,1.000683,0.999583,1.000094,21584664810,242.499481,243.861115,237.120117,239.081085,455501209,19.145613,19.355267,18.498629,18.992865,260416081
2023-07-06,0.077086,0.078394,0.077013,0.077379,784796,83.34563708843952,82.40634568274416,-16.654362911560494,8905444.28220167,5.251775075491721,100.70875965201613,7.260780970599252,13,16,8,30507.150391,31460.052734,29892.226563,29909.337891,21129219509,1910.417114,1956.012329,1847.850708,1848.636475,8905008384,1.000009,1.000719,0.99953,1.000206,30430114230,239.068527,244.102676,232.171814,232.319427,536134671,18.991993,20.922775,18.886261,19.729385,903770571
2023-07-07,0.077379,0.079245,0.077094,0.078708,628216,92.85048595393428,85.16542848398046,-7.1495140460657245,9219990.36867308,5.634143068044549,101.91282150883715,7.546628407460545,13,13,11,29907.998047,30434.644531,29777.285156,30342.265625,13384770155,1847.512573,1876.963257,1832.025391,1870.602539,6468885150,1.000039,1.00073,0.999636,0.999959,21072109064,232.33342,236.079117,231.645737,235.621155,418416864,19.72611,21.601711,19.318932,21.484665,988591308
2023-07-08,0.078709,0.079832,0.078685,0.079826,268574,99.92215879605595,92.03942727947658,-0.0778412039440321,9485754.52734788,8.431247368206565,102.81612653341354,8.580211648847893,2,5,2,30346.921875,30374.4375,30080.160156,30292.541016,7509378699,1871.002075,1872.501587,1844.641724,1865.539551,4299007854,1.000129,1.000745,0.99987,1.000187,13426621991,235.61026,237.411911,234.637146,236.287384,319300746,21.485252,22.403002,21.356882,21.859268,693929963
2023-07-09,0.079826,0.080171,0.077623,0.07764,536453,66.78913528408339,86.52059334469122,-33.21086471591661,8956459.84838399,4.412377788835254,99.67172226603336,4.200778419004152,3,3,5,30291.611328,30427.589844,30085.591797,30171.234375,7903327692,1865.594971,1878.668945,1857.748291,1863.009766,4392863807,1.00021,1.000917,0.99989,1.000204,13296750364,236.294556,237.019516,233.476044,234.228363,289327973,21.854956,22.322025,21.087578,21.349005,405174806
2023-07-10,0.07765,0.077845,0.076503,0.077629,647719,64.77272727272724,77.16134045095555,-35.22727272727276,9395673.179233473,2.2322016488002765,99.61065171843008,5.446963419769353,13,16,5,30172.423828,31026.083984,29985.394531,30414.470703,14828209155,1863.240234,1905.460815,1848.777222,1880.556396,6336468234,1.000226,1.000776,0.999631,1.000056,23313495695,234.232956,246.299698,232.007568,245.874268,834091613,21.347788,21.777145,20.572586,21.313776,543191863
2023-07-11,0.077629,0.077629,0.076955,0.077368,229259,61.15576496674058,64.23920917451709,-38.84423503325942,9447375.505642973,0.5249207421651702,99.25245805499812,4.046584811522495,6,16,15,30417.632813,30788.314453,30358.097656,30620.951172,12151839152,1880.654907,1889.381714,1863.218628,1878.33606,4905225892,1.000119,1.000801,0.999774,1.000073,18221606248,245.896271,249.205399,244.939011,248.53833,536228377,21.314722,22.2852,21.242493,22.092934,453810523
2023-07-12,0.077369,0.07799,0.077317,0.077496,202549,59.75628102903549,61.89492442283446,-40.24371897096451,9352571.738926774,2.174113676216591,99.34547638843613,2.0570495430241973,16,12,13,30622.246094,30959.964844,30228.835938,30391.646484,14805659717,1878.322021,1901.148438,1865.710083,1872.11377,6379007000,1.000103,1.000939,0.999662,0.999934,20685690690,248.538086,250.340652,242.80336,244.019882,505389150,22.092424,22.712725,21.828255,21.977602,541605988
2023-07-13,0.077496,0.081649,0.077496,0.081525,1161321,98.3034614858394,73.07183582720516,-1.6965385141606126,10444543.44733034,5.367574833273024,103.72288219385231,5.9261472896419045,14,11,11,30387.488281,31814.515625,30268.351563,31476.048828,23686079548,1872.040283,2011.885254,1864.496094,2006.511475,11114853969,1.000069,1.001254,0.999709,1.000373,41556380527,244.002228,257.265625,243.049728,256.489685,761150982,21.97846,26.624346,21.494825,26.025696,1527996472
2023-07-14,0.081526,0.082171,0.079376,0.079912,1474365,66.47373107747107,74.84449119744868,-33.52626892252893,9535659.406185431,3.459347488347998,101.44868660635912,5.359473677271348,17,13,10,31474.720703,31582.253906,29966.386719,30334.068359,20917902660,2005.686157,2026.204956,1901.361206,1939.347046,10627449471,1.000554,1.001421,0.999868,1.000725,39502042324,256.464203,261.1026,244.275665,248.19162,799468588,26.02076,30.057695,25.434978,26.735718,2184090884
2023-07-15,0.079909,0.081401,0.079906,0.081052,904584,83.39269813000895,82.72329689777315,-16.607301869991037,10017902.51521553,5.118993580182857,102.6676462392015,4.756242568370991,5,5,2,30331.783203,30407.78125,30263.462891,30295.806641,8011667756,1939.129639,1946.019165,1928.187378,1931.466553,4380084234,1.000718,1.001204,1.000018,1.000365,18925797737,248.175522,252.537262,247.508072,251.099701,422767368,26.729034,29.057396,26.688868,27.391356,1323279744
2023-07-16,0.081054,0.081067,0.079512,0.079802,585384,62.85669488867987,70.9077080320533,-37.14330511132013,9650861.100424532,3.1313405445921947,100.69035877026012,3.3169342309684033,5,3,1,30297.472656,30437.560547,30089.669922,30249.132813,8516564470,1931.64502,1942.030884,1917.294067,1923.681885,4329306566,1.000297,1.000948,1.00001,1.000607,17514358400,251.098236,251.882416,242.580139,242.65683,441487283,27.395527,28.551088,26.897699,27.384083,753056132
2023-07-17,0.079807,0.080269,0.079303,0.07982,586802,58.521524347212505,68.25697245530046,-41.478475652787495,9692168.073509425,1.41281699446054,100.31689034516808,3.5211724272096427,13,7,11,30249.626953,30336.400391,29685.783203,30145.888672,13240156074,1923.694336,1936.177612,1875.120361,1911.646118,6678090758,1.000612,1.000972,0.999783,1.00022,24482827973,242.658096,244.682037,240.597595,244.352997,671028354,27.385769,28.380919,25.895729,26.872766,970813262
2023-07-18,0.079813,0.080576,0.078966,0.079388,606647,50.89978828510943,57.42600250700062,-49.10021171489057,9403539.749285826,-0.5486934081627465,99.41341156897646,2.596311660786514,12,11,8,30147.070313,30233.65625,29556.427734,29856.5625,13138897269,1911.697021,1916.468384,1878.718506,1897.599243,5814708445,1.000272,1.000723,0.999562,1.000158,22117323145,244.334579,246.530853,238.704224,240.264938,751858394,26.869007,27.045597,24.824854,25.544504,696782373
2023-07-19,0.079391,0.080113,0.079159,0.079984,404686,61.41496118560343,56.94542460597514,-38.58503881439657,9698782.365638023,3.019062339000514,99.71593084741656,1.6211820907658678,8,12,16,29862.046875,30184.181641,29794.269531,29913.923828,12128602812,1897.797241,1919.264404,1883.067139,1889.007935,6018487800,1.000134,1.000852,0.999647,1.00023,21629091201,240.274185,243.927704,239.993591,241.160812,499664149,25.550882,26.922089,25.418062,26.372353,603189951
2023-07-20,0.080014,0.080825,0.079932,0.080391,405306,68.59562455892745,60.30345800988013,-31.404375441072553,9710129.118157629,3.5579487047366327,100.42616298057104,0.7077894420364417,14,10,8,29915.25,30195.53125,29638.095703,29792.015625,14655207121,1889.07373,1919.264404,1879.734375,1890.969116,7366830684,1.000173,1.000852,0.999616,1.000079,25849427845,241.138885,243.142593,240.387741,242.733139,485038743,26.368727,26.896439,25.169426,25.375168,606255421
2023-07-21,0.080388,0.081436,0.080381,0.08072,340850,74.40014114326048,68.13690896259715,-25.59985885673952,9588327.743750049,4.332540585254877,100.69196321172149,3.9670273055126217,11,17,7,29805.111328,30045.998047,29733.851563,29908.744141,10972789818,1891.581299,1905.38623,1885.296265,1892.080078,4668158260,1.00007,1.000608,0.999544,1.000216,21736934537,242.754288,245.163345,242.367477,243.788986,413015398,25.375525,25.947922,25.142338,25.544268,410907584
2023-07-22,0.080724,0.100337,0.080633,0.083992,23341670,31.42149869933707,58.13908813384169,-68.57850130066294,-5795093.217476096,8.382368122225666,104.22746442544457,8.196679076118453,3,5,2,29908.697266,29991.615234,29664.121094,29771.802734,7873300598,1891.955078,1897.088013,1855.092773,1864.912354,4101305643,1.000169,1.001013,0.999849,0.999861,15361411060,243.809082,244.858734,240.512619,241.030746,310128851,25.543179,25.950357,24.306475,24.535053,335432006
2023-07-23,0.083998,0.084741,0.083098,0.083362,909146,28.77821599395823,44.86661861218528,-71.22178400604176,-6412073.00445114,2.253296534805281,102.79693547335803,7.747389101437285,2,7,1,29790.111328,30330.640625,29741.527344,30084.539063,9220145050,1866.094238,1904.483276,1859.568848,1889.19165,4480604100,1.000115,1.001127,0.999769,0.999897,15719491555,241.054657,243.976486,240.761215,242.455963,279600847,24.532663,25.213612,24.250967,24.766815,330741258
2023-07-24,0.083356,0.08338,0.080502,0.081181,756907,18.073731930544895,26.09114887461342,-81.9262680694551,-6811829.307439325,1.5879967964761317,99.86801823492402,4.755084133374636,11,11,12,30081.662109,30093.394531,28934.294922,29176.916016,15395817395,1888.80957,1889.761963,1836.852417,1850.002075,6344373569,0.999988,1.000592,0.999121,1.000011,24790908035,242.449432,242.891876,236.292389,238.946213,451906472,24.76552,24.810638,23.069426,23.381491,492344649
2023-07-25,0.081189,0.081762,0.080443,0.081653,672182,18.83579496090359,21.895914295135594,-81.1642050390964,-6250743.346863129,0.7414992844100138,100.05041284267168,0.1570070530512151,12,12,10,29178.970703,29353.160156,29062.433594,29227.390625,10266772793,1850.027954,1867.323242,1845.981567,1857.741943,4163381707,1.000016,1.000704,0.999517,0.999829,18046684131,238.964096,239.637207,236.999405,237.808563,366519529,23.383249,23.525883,22.864363,23.279322,346742173
2023-07-26,0.081655,0.082126,0.080854,0.082016,764921,19.78897596427481,18.899500951907783,-80.21102403572519,-5618120.004095832,2.774366557229152,100.1390160731884,2.6328961858043956,11,16,13,29225.759766,29675.552734,29113.912109,29354.972656,13497554655,1857.696533,1886.974121,1849.43689,1872.159912,5781548155,0.999899,1.00078,0.999551,1.000101,22065183057,237.819077,240.237717,236.641129,238.962357,417581395,23.279358,25.518347,23.207731,25.177053,688135176
2023-07-27,0.082013,0.082606,0.081991,0.082217,596338,15.212203453277825,17.945658126152093,-84.78779654672218,-5776173.815477941,3.0030067652217443,100.06572301400874,1.4373488624586677,15,12,11,29353.798828,29560.966797,29099.351563,29210.689453,10770779217,1872.086304,1885.591553,1855.321533,1860.357178,4291339248,1.000056,1.000603,0.999379,0.99959,17964435031,238.960114,243.163513,238.638443,240.498795,433186880,25.17808,25.586376,24.720161,25.099337,514211484
2023-07-28,0.082211,0.085021,0.082211,0.085021,1779737,28.332787422207687,21.111322279920127,-71.66721257779231,-3996436.815477941,7.095530810701868,102.7103661798765,6.539936342447559,14,18,4,29212.164063,29521.513672,29125.845703,29319.246094,11218474952,1860.702515,1881.457275,1857.04895,1874.744873,3800973336,0.999675,1.000478,0.999421,1.000106,17371797760,240.505127,242.796997,239.987869,241.977036,388148322,25.098728,25.473248,24.577673,24.846857,374045446
2023-07-29,0.085011,0.085011,0.083255,0.083278,542468,20.17687520471672,21.240622026734098,-79.82312479528328,-4524694.378120305,4.118323664732953,100.72883980038982,4.33224755700326,3,6,2,29319.445313,29396.84375,29264.166016,29356.917969,6481775959,1874.560425,1885.529297,1870.333862,1881.068848,2497302218,1.000109,1.000581,0.999728,1.000054,11962846967,241.971344,242.726273,241.323135,242.57637,317500344,24.843933,25.367044,24.780375,25.168974,265061245
2023-07-30,0.083278,0.083468,0.079613,0.079928,1170812,4.501427167657126,17.67036326486053,-95.49857283234287,-5504167.452050269,-0.5759351171151063,97.25392581879872,0.6802035572126754,5,4,2,29357.09375,29443.169922,29059.501953,29275.308594,8678454527,1880.871582,1884.144165,1851.728027,1861.643799,4003005547,1.000079,1.00062,0.999794,0.999893,15914742870,242.582214,243.785721,240.925186,242.525986,425584373,25.169373,25.193293,23.845407,24.261019,365262222
2023-07-31,0.079925,0.0801,0.077423,0.077977,771619,2.4177358819935373,9.032012751455811,-97.58226411800644,-5956416.3168242695,-3.3981665014866143,95.41138632033422,-2.5092518503700676,9,18,6,29278.314453,29489.873047,29131.578125,29230.111328,11656781982,1861.755249,1875.629395,1851.915405,1856.162354,4391613314,0.999924,1.000504,0.999488,0.999911,18354638255,242.519592,244.202576,240.76445,241.120651,1092564922,24.261839,24.750183,23.658819,23.720957,376948332
2023-08-01,0.077978,0.078401,0.077088,0.078386,704350,5.583035829498018,4.167399626382912,-94.416964170502,-5268159.614615588,-6.674445185255738,96.46269577706948,-2.494060280379653,6,19,9,29230.873047,29675.732422,28657.023438,29675.732422,18272392391,1856.190186,1873.029907,1817.920776,1871.792114,7634860636,0.999915,1.000495,0.998989,0.999522,27115449240,241.128052,247.50502,238.530243,247.50502,830645013,23.724892,23.998753,23.087238,23.998753,428254164
2023-08-02,0.078382,0.078504,0.076546,0.076574,614990,0.1176915640368217,2.7061544251761447,-99.88230843596318,-5865560.523706498,-8.14279887718625,95.14307369258104,-5.136273538156587,12,17,8,29704.146484,29987.998047,28946.509766,29151.958984,19212655598,1873.46814,1877.511475,1822.348267,1839.089722,6448512422,0.999544,1.000287,0.998896,0.999326,26312546015,247.490311,248.511551,236.891769,240.494644,650256385,23.993515,24.219627,22.984316,23.145721,393185796
2023-08-03,0.076576,0.077214,0.076275,0.076821,562836,2.2691380600116564,2.6566218178488508,-97.73086193998834,-5773852.421470077,-5.370714822433824,96.3730207801285,-8.53771787789313,7,21,9,29161.8125,29375.707031,28959.488281,29178.679688,12780357746,1838.897949,1856.407593,1825.347778,1835.136475,4710581074,0.999284,0.99982,0.998642,0.999448,20365437032,240.509979,241.583252,238.509644,241.061523,400525696,23.144894,23.353016,22.5401,22.636049,365983702
2023-08-04,0.076816,0.077698,0.076556,0.076716,466198,1.83276535616329,1.4065316600706084,-98.16723464383672,-6109417.006408775,-6.04631795524965,97.6953864066366,-7.972457474628726,9,18,12,29174.382813,29302.078125,28885.335938,29074.091797,12036639988,1834.890503,1847.912231,1817.413818,1827.712891,4861242484,0.999356,0.999667,0.998396,0.998602,20189124066,241.042862,243.155472,240.452286,241.476013,370373499,22.632715,23.521782,22.522667,22.793619,382245804
2023-08-05,0.076715,0.077348,0.07586,0.077268,455567,15.369501146163149,6.490468187446051,-84.63049885383685,-5702835.705333504,-5.78911431915724,99.48608530910296,-4.820093371601729,6,1,0,29075.388672,29102.464844,28957.796875,29042.126953,6598366353,1827.798584,1836.464844,1824.807983,1834.987915,2866049749,0.998631,0.999229,0.998295,0.998983,14278737533,241.48967,243.027725,240.090393,242.959351,300760369,22.793602,22.895529,22.327997,22.632204,250613466
2023-08-06,0.077268,0.07732,0.076814,0.076902,150956,11.374304115271269,9.525523539199256,-88.62569588472873,-5801285.270550893,-6.464599778634589,99.56903248718194,-5.818524732710379,4,3,2,29043.701172,29160.822266,28963.833984,29041.855469,7269806994,1834.845215,1836.248901,1824.986694,1827.462036,2963395076,0.999018,0.999272,0.998196,0.998382,14800094198,242.960297,245.179016,242.614731,242.798599,417704185,22.632547,23.4161,22.596603,23.185696,320595154
2023-08-07,0.076896,0.077086,0.076106,0.076542,274527,7.444602117672764,11.396135793035748,-92.55539788232724,-5831539.266469259,-9.972830241940226,99.36666487391716,-6.674307452204456,13,15,5,29038.513672,29244.28125,28724.140625,29180.578125,13618163710,1827.239502,1842.522583,1804.716675,1826.938843,5837881974,0.998295,0.999446,0.997796,0.998818,23981817200,242.791687,244.324249,239.935364,241.797501,425652309,23.185406,23.503939,22.487352,23.068756,353804981
2023-08-08,0.07654,0.077003,0.076356,0.07695,217995,11.898264381617809,10.239056871520631,-88.1017356183822,-5649259.057813925,-7.598645500612407,100.1630799612476,-6.406217692204767,9,15,9,29180.019531,30176.796875,29113.814453,29765.492188,17570561357,1826.93103,1873.847168,1824.430054,1855.807373,5812855406,0.998841,1.000624,0.998482,0.999718,25874561718,241.79187,247.647369,241.3302,245.149902,504987528,23.069252,24.727625,23.021738,24.211763,495649796
2023-08-09,0.07695,0.077035,0.076333,0.076554,760238,7.57559218425936,8.97281956118333,-92.42440781574064,-5930828.687443562,-4.22129916925233,99.65132691031012,-9.95871608190918,10,21,7,29766.695313,30093.435547,29376.800781,29561.494141,18379521213,1855.779419,1869.736572,1845.489746,1854.297607,5870081833,0.999724,1.000264,0.998915,0.999425,22920990916,245.136307,245.340271,242.766495,243.893646,399576464,24.211031,24.951586,24.194208,24.378527,447009018
2023-08-10,0.076557,0.077208,0.076535,0.077009,405509,12.542298875668562,10.672051813848595,-87.45770112433145,-5765130.359063184,-1.241391692422138,100.20857305912727,-7.527798458176241,10,19,6,29563.972656,29688.564453,29354.447266,29429.591797,11865344789,1854.348267,1863.310913,1845.442261,1850.753418,3760304518,0.999369,0.999833,0.998651,0.999012,18525528096,243.885544,243.926102,240.394592,241.262466,365863690,24.378302,24.8095,24.150667,24.613052,339616018
2023-08-11,0.077009,0.077123,0.076826,0.076925,253157,11.63807234182052,10.585321133916166,-88.36192765817948,-5849516.025729867,-1.863853239098824,100.06039208399145,-3.757131418276456,7,14,6,29424.902344,29517.773438,29253.517578,29397.714844,10195168197,1850.741699,1855.06604,1839.569214,1847.12439,3353025102,0.99894,0.999591,0.998356,0.998969,16439483171,241.260727,241.91391,238.359802,239.706894,386856576,24.610626,24.865314,24.359615,24.582861,314045619
2023-08-12,0.076922,0.077345,0.076921,0.077309,74485,19.0457413249212,14.408704180803449,-80.95425867507879,-5787679.42195628,0.9598558257371946,100.55222030840352,-0.8566628621260138,2,4,1,29399.787109,29465.113281,29357.587891,29415.964844,6194358008,1847.171997,1852.281006,1845.719238,1848.889893,2291124840,0.998986,0.999896,0.998986,0.999453,11930000390,239.703568,241.002609,239.403778,240.273621,284512149,24.585543,25.111952,24.405806,24.906731,253389584
2023-08-13,0.077307,0.077355,0.077005,0.077041,58091,27.85377358490565,19.512529083882473,-72.14622641509436,-5833820.273384853,0.2863800262948907,100.1777719985882,-1.71586762942362,3,2,1,29416.59375,29441.433594,29265.806641,29282.914063,7329897180,1849.053833,1859.916382,1834.804321,1839.280151,3054625661,0.999468,0.9999,0.999107,0.99925,14122729675,240.269684,241.629593,239.902588,240.03334,296580783,24.905216,24.91316,24.236483,24.242886,263449955
2023-08-14,0.077044,0.07765,0.077008,0.077417,1340483,58.88804841149767,35.26252110710819,-41.11195158850233,-5466335.837247764,0.9137598414932911,100.50333361152067,1.1008958654373502,6,14,11,29283.263672,29660.253906,29124.105469,29408.443359,14013695304,1839.323486,1853.836304,1834.800415,1844.185791,4083364724,0.999266,0.999876,0.998431,0.999184,20154696560,240.041275,241.024933,239.74736,240.339249,381157536,24.242403,25.227118,24.095398,25.142822,359715099
2023-08-15,0.07742,0.077481,0.076337,0.076423,207698,21.293494704992675,36.01177223379868,-78.70650529500732,-5642806.515569441,-1.0935963141274505,99.3099773890896,-0.5180875021153012,13,13,4,29408.048828,29439.121094,29088.853516,29170.347656,12640195779,1844.164185,1845.547607,1816.325073,1826.932739,4483923893,0.999168,0.999464,0.998393,0.998965,21720437145,240.350464,240.410309,235.360535,236.679581,482870297,25.147171,25.241121,23.761662,23.896585,424193111
2023-08-16,0.076423,0.076739,0.074673,0.074688,389599,0.4958677685950785,26.89247029502849,-99.50413223140492,-6026748.22128096,-2.878988842942958,97.39275575061662,-2.6435163460034437,15,15,9,29169.074219,29221.976563,28701.779297,28701.779297,14949271904,1827.036377,1829.361206,1798.966675,1805.659058,4976573383,0.998917,0.999407,0.998605,0.998856,24501625172,236.689697,237.014221,231.20517,231.868744,461572144,23.900015,23.99312,22.487528,22.811975,441171937
2023-08-17,0.074685,0.075272,0.072313,0.072957,1109087,11.959145775301607,11.249502749629809,-88.04085422469839,-6653069.4030991485,-4.683703064983937,95.8591110443727,-5.579282497282199,17,17,6,28699.802734,28745.947266,25409.111328,26664.550781,31120851211,1805.567383,1807.714844,1551.713257,1684.933472,14208462072,0.998843,1.000698,0.998357,1.000386,46202367641,231.872574,232.105057,214.54744,218.535843,786294218,22.811419,23.380619,20.304153,21.709974,620931325
2023-08-18,0.072955,0.073279,0.072249,0.07296,724944,13.16422884650996,8.5397474634689,-86.83577115349004,-6377168.385623419,-5.185185185185195,96.58185118996964,-5.126004525239917,4,22,5,26636.078125,26808.195313,25668.921875,26049.556641,24026236529,1682.038452,1698.124268,1644.930908,1660.945068,9645084584,1.000285,1.000666,0.999001,0.99983,34300507987,218.565735,220.137009,214.022247,216.112549,567051050,21.712427,22.170013,21.089134,21.335493,411279768
2023-08-19,0.072966,0.073843,0.07212,0.073816,205799,30.669077757685447,18.597484126499022,-69.33092224231456,-6177819.267225276,-3.576560336494488,98.3647501818002,-3.561443390556809,5,5,0,26047.832031,26249.449219,25802.408203,26096.205078,10631443812,1660.84436,1693.228149,1654.075806,1669.471924,4871231360,0.999717,1.000446,0.999465,0.99986,17888080535,216.144485,218.997589,214.328842,216.999451,477267428,21.335711,22.147785,21.315994,21.879038,244048976
2023-08-20,0.073817,0.076013,0.073812,0.075989,2560481,69.96383363471975,37.9323800796384,-30.036166365280252,-3673177.925562387,-1.3245205105896627,101.46361468764904,-1.2488628979857097,1,6,1,26096.861328,26260.681641,26004.314453,26189.583984,9036580420,1669.587769,1692.328735,1662.901489,1684.852051,4105056995,0.999899,1.00033,0.999656,0.999995,15722340351,217.015854,217.882431,215.680862,216.635803,297744717,21.879751,22.004704,21.630095,21.773275,198853112
2023-08-21,0.075987,0.07602,0.072844,0.073346,569371,22.169981916817225,40.93429776974082,-77.83001808318278,-4062558.8487361944,-4.652583685407864,98.70102407056032,-4.1905060480183955,9,17,6,26188.691406,26220.201172,25846.087891,26124.140625,13371557893,1685.022339,1685.082642,1651.959839,1667.269043,5077248383,0.999942,1.000363,0.999358,0.999835,21350289570,216.630798,216.74118,207.568771,210.638947,582113967,21.773264,21.777426,20.683577,21.20826,339125910
2023-08-22,0.073346,0.074855,0.073157,0.073974,579242,33.526220614828155,41.88667872212173,-66.47377938517185,-4084391.2916101664,-4.313857377536904,100.01699727657272,-3.94109779376436,7,16,8,26130.748047,26135.507813,25520.728516,26031.65625,14503820706,1667.279297,1668.638672,1596.384033,1633.892578,7244623133,0.999796,1.000329,0.999347,0.999466,24087904847,210.579956,211.874252,204.399139,210.834351,637832641,21.207066,21.250513,19.735468,20.546541,381594696
2023-08-23,0.073948,0.077427,0.073896,0.07671,702332,83.00180831826405,46.23267028330317,-16.998191681735943,-3667288.430097846,-0.429641359795431,103.31273376533424,-0.279493012674674,11,15,8,26040.474609,26786.898438,25804.998047,26431.640625,16985265785,1634.401733,1696.593994,1629.581055,1679.274414,7191868448,0.999613,1.000727,0.999256,0.999899,25410027986,210.818695,218.316711,210.818695,216.399292,566160608,20.54735,21.746029,20.451468,21.703625,404686524
2023-08-24,0.076707,0.077408,0.076329,0.076517,302677,79.51175406871616,65.34659433393614,-20.48824593128384,-3864491.331858732,-1.1625353604505446,102.35175191854955,-1.0244602827613871,11,18,7,26431.519531,26554.910156,25914.925781,26162.373047,12871532023,1679.248291,1682.489746,1641.627075,1659.94458,5104531920,0.999829,1.000144,0.999321,0.999426,20070736123,216.444839,220.385513,215.899734,218.646393,394620698,21.707987,21.988443,20.751087,21.033031,328472951
2023-08-25,0.076519,0.077152,0.075813,0.076508,531929,79.34900542495494,80.62085593731173,-20.650994575045058,-3844231.153367317,0.1112230611203456,101.65053334851764,-0.691839410184177,9,18,11,26163.679688,26248.103516,25786.8125,26047.667969,12406045118,1660.269897,1671.970703,1635.967407,1652.935059,5396997823,0.999484,1.00016,0.999276,0.999494,19999153582,218.681091,219.25499,214.265167,218.331055,423891092,21.03511,21.049627,20.153101,20.392719,278312420
2023-08-26,0.076508,0.07747,0.076099,0.077411,153372,95.67811934900536,84.84629294755884,-4.321880650994636,-3704059.661025961,3.645833333333319,102.15324579841834,-0.0077502357363447,2,5,2,26047.234375,26107.384766,25983.878906,26008.462891,6034817316,1652.927246,1654.77771,1643.712646,1646.306763,2423247747,0.999481,0.999999,0.999217,0.999539,11240935990,218.331802,218.786438,216.214035,216.364243,273738258,20.392975,20.403776,20.217575,20.280424,144065112
2023-08-27,0.077411,0.077513,0.076053,0.076699,107934,82.80289330922253,85.94333936106095,-17.19710669077748,-3716479.463765686,5.12904861767892,101.07838430619486,0.3611478219907599,1,5,1,26008.242188,26165.373047,25965.097656,26089.693359,6913768611,1646.271973,1659.26709,1645.902832,1657.513062,2624065031,0.99952,1.000119,0.999334,0.999521,12072570625,216.369949,219.539185,216.080399,218.358002,325410553,20.280701,20.870127,20.262112,20.786839,177496132
2023-08-28,0.076721,0.077185,0.075696,0.076597,297581,83.0150194696829,87.16534404263695,-16.984980530317095,-3653925.499360046,4.984923245614037,100.32989281758032,2.555966152527841,8,17,4,26089.615234,26198.578125,25880.599609,26106.150391,11002805166,1657.439819,1659.328735,1627.446777,1652.457397,4855588534,0.999512,1.000174,0.999137,0.999327,18160207139,218.358246,218.970016,215.850189,218.718567,332786869,20.786964,20.786964,20.16869,20.5571,200600033
2023-08-29,0.076599,0.07778,0.075654,0.077767,487951,99.77031802120143,88.5294102667023,-0.2296819787985711,-3171941.915164373,5.352498103392213,101.14453678775344,6.59292459942159,9,13,9,26102.486328,28089.337891,25912.628906,27727.392578,29368391712,1652.27417,1742.637329,1639.576172,1729.725708,11304916729,0.999328,1.001128,0.998984,1.000038,39257157473,218.721512,233.060013,217.047867,226.862885,593296661,20.556866,21.983257,20.128344,21.780764,469679540
2023-08-30,0.07777,0.077773,0.076011,0.076307,385109,73.9752650176678,85.58686750285074,-26.0247349823322,-3427661.285198423,0.4184816223400739,99.32001502400492,4.5874451754386,14,12,8,27726.083984,27760.160156,27069.207031,27297.265625,16343655235,1729.676636,1730.564697,1697.147217,1705.112183,5023904190,1.000091,1.000627,0.999619,1.000128,22718699935,226.870148,227.049011,221.978149,223.799438,359750612,21.782026,21.932714,20.641665,20.834904,292322455
2023-08-31,0.07622,0.077474,0.075564,0.077019,1663736,86.55477031802124,86.76678445229685,-13.445229681978764,-2556595.3166120327,5.007771384942615,100.15325798613432,4.339167660127882,13,8,9,27301.929688,27456.078125,25752.929688,25931.472656,20181001451,1705.364502,1720.011963,1634.850952,1645.63916,6593153505,1.000037,1.000589,0.999641,0.999846,27302426037,223.818573,225.588882,215.448425,216.597794,428616639,20.833838,21.007214,19.549763,19.735092,343649256
2023-09-01,0.077019,0.077363,0.075999,0.076312,440297,74.06360424028273,78.19787985865727,-25.93639575971727,-2794820.5262894477,3.160569929975406,99.27004043767842,0.4250615220624089,8,19,4,25934.021484,26125.869141,25362.609375,25800.724609,17202862221,1645.581299,1653.531738,1603.03418,1628.491211,6104510092,0.999813,1.000365,0.999159,0.999712,25428948060,216.59848,217.965744,211.591721,213.630554,438229562,19.734756,19.907936,19.09251,19.327845,286842939
2023-09-02,0.076316,0.0768,0.075126,0.075286,148625,49.47325769854137,70.03054408561513,-50.52674230145863,-2915034.534652648,-1.856342067527043,98.32365337219,2.6449976822185413,2,0,3,25800.910156,25970.285156,25753.09375,25868.798828,10100387473,1628.559692,1644.03064,1627.976074,1637.025391,2943590996,0.9997,1.000319,0.999495,1.000133,16557766093,213.626923,215.599503,213.290543,214.448547,291979876,19.328524,19.666084,19.188915,19.493744,200858690
2023-09-03,0.075286,0.076884,0.075083,0.075849,96954,60.879254457050166,61.47203879862477,-39.120745542949834,-2929515.726212892,-0.8730086124652062,99.216275458434,2.534674345040151,3,1,2,25869.472656,26087.148438,25817.03125,25969.566406,8962524523,1637.043579,1645.645142,1626.089233,1636.117676,3151878318,1.000018,1.000469,0.999699,0.999974,14510340452,214.454819,215.114899,213.411957,214.399948,264565518,19.494253,19.657276,19.280931,19.578747,164570332
2023-09-04,0.075843,0.077286,0.075288,0.077263,142563,88.81678563703215,66.38976593087459,-11.183214362967842,-2790234.957444122,0.9868249071992362,100.94027095779606,0.7208968843697013,6,15,8,25968.169922,26081.525391,25657.025391,25812.416016,10680635106,1635.724731,1642.653198,1618.523682,1629.655273,3887968912,0.999857,1.000127,0.999442,0.999645,17920742517,214.393112,216.267517,213.282379,215.19751,364530693,19.57785,19.949865,19.242256,19.499409,220024399
2023-09-05,0.077265,0.077413,0.075644,0.077356,156503,89.08341915550957,79.59315308319732,-10.91658084449042,-2643817.509733551,-0.0710493340739681,101.13935210089056,1.0964883620633226,15,10,7,25814.957031,25858.375,25589.988281,25779.982422,11094740040,1629.911011,1645.948364,1610.141235,1633.629395,4417491902,0.999561,0.999952,0.999116,0.999584,18323727990,215.211014,215.722,213.67244,214.478134,298056096,19.500677,20.547443,19.094311,20.272385,387328289
2023-09-06,0.077359,0.078283,0.076009,0.078279,554247,99.87499999999989,92.59173493084722,-0.1250000000001246,-2091520.3672533424,2.0600007822787756,101.9705451053662,2.314790610132267,15,14,12,25783.931641,25953.015625,25404.359375,25753.236328,12752705327,1633.912109,1656.932739,1611.147705,1632.252319,4987397046,0.999668,1.000197,0.999133,0.999552,19715200487,214.489044,217.180832,212.316711,215.134659,367874698,20.272238,20.348989,19.215927,19.620029,313630984
2023-09-07,0.078282,0.079178,0.076656,0.079178,196907,100.0,96.3194730518365,-0.0,-1894613.3672533424,3.3695836651565987,102.72889200275056,2.2826213328855136,9,22,16,25748.3125,26409.302734,25608.201172,26240.195313,11088307100,1632.262817,1657.303711,1623.220459,1647.598267,4907290296,0.999482,1.000157,0.999188,0.999758,18242134001,215.139465,217.603958,213.57312,216.887177,414939879,19.62108,19.972979,19.367788,19.890499,242438252
2023-09-08,0.079178,0.079341,0.077485,0.077837,284519,64.67825270079868,88.18441756693288,-35.32174729920132,-2071211.3672533403,0.0900124731569954,100.7043737339386,1.4837220824261077,12,8,18,26245.208984,26414.005859,25677.480469,25905.654297,10817356400,1647.807617,1657.136353,1617.796509,1636.137817,4598495496,0.99976,1.000285,0.999388,0.999778,17906934253,216.883743,218.222824,213.619476,214.562027,350437594,19.893768,20.214828,19.421865,19.599045,219114497
2023-09-09,0.077849,0.078931,0.07702,0.078927,120742,90.27712541099112,84.98512603726329,-9.722874589008876,-1950974.828268516,3.433498892631079,101.4320098257905,3.0418945911719764,1,4,1,25905.425781,25921.976563,25810.494141,25895.677734,5481314132,1636.050415,1636.870728,1629.660889,1635.162354,2081625742,0.999723,1.000322,0.999489,0.999734,10128707374,214.567032,215.330139,214.222946,214.222946,218159197,19.600006,19.602888,19.404615,19.446072,101925453
2023-09-10,0.078927,0.078927,0.076805,0.078103,265273,70.92531705025858,75.29356505401614,-29.074682949741423,-1891719.690662482,1.4074449161895135,99.95941076126763,0.4320598711535779,1,5,3,25895.210938,25978.130859,25640.261719,25832.226563,7899553047,1635.21167,1635.433105,1604.040527,1616.828857,4339499949,0.999719,1.000238,0.999515,0.999613,15171173010,214.220566,214.227844,211.53862,212.318024,334977578,19.446188,19.446188,17.87034,18.248831,520683204
2023-09-11,0.07809,0.07845,0.076367,0.076489,398869,33.02019727571642,64.74087991232206,-66.97980272428357,-2243865.677700409,0.2319425516301454,98.0324771270431,0.2385102284194132,8,11,11,25831.714844,25883.947266,24930.296875,25162.654297,14600006467,1616.769775,1618.305786,1533.426758,1551.637695,7693700923,0.999572,1.000455,0.999401,0.999701,24658044680,212.322617,212.610092,204.356735,206.03421,466832593,18.246708,18.413116,17.461477,17.739166,380225621
2023-09-12,0.076488,0.081647,0.076466,0.08041,7335855,81.15478366849479,61.700099331489945,-18.84521633150521,1589015.9059706856,6.80604627686421,102.48478304805153,4.402809696308691,14,16,10,25160.658203,26451.939453,25133.078125,25833.34375,18657279324,1551.497803,1619.114014,1549.493774,1592.429443,6813819740,0.999722,1.000521,0.999439,1.000037,26626307087,206.043152,213.487442,205.262482,210.99437,435525863,17.738865,18.655071,17.606657,17.929827,361388393
2023-09-13,0.080416,0.081129,0.079853,0.081106,305412,91.75807434491163,68.64435176304097,-8.241925655088357,1883417.755500462,6.930875819061553,102.842496150711,6.282105042457271,10,14,8,25837.554688,26376.113281,25781.123047,26228.324219,13072077070,1592.892334,1615.050293,1582.217529,1607.988525,4979469106,0.99996,1.000746,0.999708,1.000243,20526953164,211.023865,213.157852,209.497437,212.642593,329580406,17.930872,18.508787,17.739513,18.403,356729875
2023-09-14,0.081103,0.082531,0.079595,0.082175,5108894,95.22019334049416,89.37768378463356,-4.779806659505845,5753370.158770231,6.357506180189741,103.63536781569846,9.150439656775486,11,14,20,26228.277344,26774.623047,26171.451172,26539.673828,13811359124,1608.031616,1640.522705,1607.735352,1626.974365,5538958553,1.000276,1.000763,0.999822,1.00026,21251601415,212.640579,214.88356,211.382935,212.282837,370840987,18.403322,19.267307,18.403322,18.838306,349380172
2023-09-15,0.0822,0.083839,0.082078,0.08375,619911,98.983554134308,95.32060727323795,-1.016445865692004,6310621.216691872,8.265680748746073,104.50834284084426,10.41674906722568,11,15,10,26533.818359,26840.498047,26240.701172,26608.693359,11479735788,1626.870117,1652.113159,1613.248657,1641.640381,4348584771,1.000253,1.000757,0.999842,1.000343,19295499486,212.304352,214.944748,211.194672,214.175522,477731080,18.83918,19.406582,18.59033,19.168844,205202282
2023-09-16,0.083744,0.084085,0.082173,0.082863,190159,86.4252388358144,93.5429954368722,-13.574761164185595,6257710.86731949,5.8559766987314665,102.68102447176118,7.2479712152000415,2,5,0,26606.199219,26754.769531,26473.890625,26568.28125,7402031417,1641.446411,1649.988647,1632.577881,1635.22168,2819575929,1.000111,1.000913,0.999987,1.000298,14317870597,214.168381,215.703552,213.562897,214.960541,483436741,19.169498,19.416815,18.917416,19.140369,146477836
2023-09-17,0.082863,0.082919,0.081956,0.082331,144934,80.06138456291927,88.49005917768056,-19.93861543708073,6225653.814359988,3.982166763494914,101.26387219656876,6.431304617612089,1,6,2,26567.927734,26617.998047,26445.074219,26534.1875,6774210670,1635.20105,1635.512939,1616.779297,1622.896729,3032716258,1.000278,1.000938,1.000112,1.000292,12731066338,214.948975,216.635025,213.709747,216.465775,432102186,19.139828,19.139828,18.71294,18.831629,112594680
2023-09-18,0.082325,0.083844,0.080896,0.082916,338402,86.15092998459909,84.21251779444427,-13.84907001540091,6351004.894414263,6.525174402918921,100.84458197449054,5.923683235605976,9,10,11,26532.994141,27414.734375,26415.515625,26754.28125,15615339655,1623.081909,1669.015381,1609.957397,1637.347046,5916674789,1.000254,1.000886,0.999912,1.000238,23169510106,216.470917,221.009857,215.317307,216.003922,572231452,18.83238,20.100101,18.651571,19.657246,316245106
2023-09-19,0.082917,0.084179,0.081972,0.082951,209661,84.96940024479798,83.72723826410547,-15.030599755202022,6327350.345705607,5.0983820492353695,100.44370100260858,4.765212559044177,5,12,10,26760.851563,27488.763672,26681.605469,27211.117188,13807690550,1637.312012,1659.531738,1628.413208,1643.544678,4405868861,1.00014,1.000894,0.999989,1.000263,19869924197,216.00177,219.749023,215.641769,217.210953,385547582,19.657076,20.358543,19.614437,20.036188,253895801
2023-09-20,0.082946,0.084778,0.082785,0.08453,188669,97.05148020449396,89.3906034779637,-2.9485197955060283,6469065.09382402,8.228877251834101,101.75300421656496,8.598738389197926,9,16,9,27210.228516,27379.505859,26864.082031,27132.007813,13281116604,1643.495361,1649.619141,1610.420776,1622.890625,5156431986,1.000207,1.000653,0.999904,1.000207,20831080166,217.210602,217.756699,213.760468,214.363327,372917826,20.036289,20.48304,19.853781,20.304937,233206126
2023-09-21,0.084525,0.084704,0.083009,0.083031,493454,79.22958031149672,87.0834869202629,-20.770419688503296,5988420.519192748,8.552863810482544,99.80167315736333,5.199741533315591,15,15,9,27129.839844,27152.939453,26389.300781,26567.632813,13371443708,1622.591797,1625.20459,1573.305786,1584.307007,5191732312,1.000186,1.000638,0.999699,0.999986,65289803093,214.353745,215.109375,209.586884,210.793945,384479845,20.304815,20.304815,19.373915,19.479071,253809695
2023-09-22,0.083022,0.084369,0.082924,0.083347,1176849,82.98656521222206,86.42254190940427,-17.013434787777925,5500577.923345007,3.6525307797537736,100.25087246915214,6.71421072173924,7,12,8,26564.056641,26726.078125,26495.533203,26579.568359,10578746709,1584.002563,1601.53772,1579.101318,1593.268311,3460791634,0.999919,1.000553,0.999663,1.000009,16422421266,210.789383,212.026581,209.941681,211.150864,274805031,19.478251,19.774113,19.221296,19.438145,170874161
2023-09-23,0.083341,0.083689,0.083299,0.083663,106376,86.74355011294728,82.98656521222203,-13.256449887052725,5592770.456678341,3.1526644144699576,100.49281962492856,9.379126410333512,3,2,3,26578.556641,26634.185547,26520.519531,26579.390625,7404700301,1593.213135,1598.001709,1588.328979,1593.857788,2101436678,1.000016,1.000453,0.999875,1.000067,12105054638,211.138062,211.583221,210.142014,210.560608,215040995,19.438511,19.558161,19.313749,19.473904,97379053
2023-09-24,0.083658,0.084233,0.083439,0.083443,232584,84.1279277137082,84.61934767962586,-15.872072286291791,5362529.872295472,1.543048372376033,100.03767891059994,3.7719189155577766,4,5,2,26579.373047,26716.058594,26221.050781,26256.826172,8192867686,1593.825684,1600.207275,1576.783325,1580.853394,3086456944,1.000065,1.000676,0.999886,1.000135,13177215723,210.574783,211.237274,207.932938,208.282898,287192497,19.473894,19.657696,19.308037,19.37429,115380619
2023-09-25,0.083441,0.084282,0.083062,0.083199,264395,81.00336862367648,83.95828215011068,-18.99663137632352,5157515.388688914,-0.6579104477612058,99.69683171164264,2.580573570389364,5,18,7,26253.775391,26421.507813,26011.46875,26298.480469,11997833257,1580.747437,1595.844116,1565.025513,1588.322876,4394930984,1.000132,1.000601,0.999495,0.999785,18410794811,208.260132,210.518387,207.478088,210.073807,294180845,19.374146,19.70344,19.217249,19.40414,163848456
2023-09-26,0.083214,0.084391,0.082372,0.08381,343876,81.32355778506638,82.15161804081704,-18.676442214933616,5303479.594731509,1.1428502467928865,100.28152739294012,1.9896562214785491,14,12,10,26294.757813,26389.884766,26090.712891,26217.25,9985498161,1588.023193,1598.097778,1580.165527,1593.417236,3544861160,0.999719,1.000562,0.999472,0.999606,17449026978,210.050171,213.18782,209.866913,212.378448,615780140,19.402744,19.505365,18.941389,19.023287,170201883
2023-09-27,0.08381,0.086042,0.083519,0.084976,551943,83.46517760198545,81.93070133690945,-16.534822398014555,5389016.54003472,3.212641653812045,101.59923070222334,1.4638805970149145,6,22,13,26209.498047,26817.841797,26111.464844,26352.716797,11718380997,1593.108276,1631.910767,1585.368896,1597.491211,5533036096,0.999555,0.999996,0.99909,0.999386,21012429240,212.371399,215.728745,210.886002,211.985413,753741988,19.022514,19.446526,18.774216,19.130022,210385139
2023-09-28,0.084876,0.085891,0.083843,0.085884,609877,96.92965410027222,87.23946316244137,-3.07034589972778,5994724.458980036,3.5795262675478776,102.18689765128622,3.645776764056329,15,10,6,26355.8125,27259.5,26327.322266,27021.546875,14079002707,1597.671997,1666.02417,1597.294678,1652.88269,6658092168,0.999456,1.000821,0.998988,1.000017,23496469874,211.990952,216.77533,211.651321,215.075989,358321830,19.129475,19.960865,19.110308,19.957617,225954938
2023-09-29,0.085892,0.089352,0.085791,0.088873,915668,94.3353831598864,91.57673828738136,-5.66461684011361,6664054.3674327135,7.139154440573346,104.75929867575542,7.9459741774058275,12,14,4,27024.841797,27225.9375,26721.763672,26911.720703,10396435377,1652.999878,1687.28125,1648.656494,1667.943848,5529687537,1.000062,1.000845,0.999691,1.000042,33744855887,215.093979,217.257706,214.506378,215.279419,335321479,19.959581,20.415977,19.87516,20.300655,219571069
2023-09-30,0.088874,0.088986,0.087701,0.088045,145980,84.54351939451276,91.93618555155712,-15.456480605487249,6596233.309066954,4.158286998698692,103.0230847667285,6.185778378117606,4,6,1,26911.689453,27091.794922,26888.96875,26967.916016,5331172801,1667.834473,1692.531128,1666.563843,1671.161865,3155292192,1.000067,1.000596,0.999803,1.00021,28335840810,215.277786,216.312164,214.483688,214.821304,243788424,20.299589,21.729971,20.12468,21.395147,328987954
2023-10-01,0.088041,0.090058,0.08742,0.089962,405196,98.95219384413883,92.61036546617936,-1.0478061558611529,6971938.167292884,8.347484674398727,104.13146611238712,8.451977673566327,2,5,1,26967.396484,28047.238281,26965.09375,27983.75,9503917434,1671.161499,1750.595703,1670.082153,1733.810425,5054880180,1.000193,1.000616,0.99977,0.999894,26887832164,214.800323,219.133835,213.506516,218.047134,387408083,21.392059,24.396019,21.170073,23.836487,637123111
2023-10-02,0.089953,0.09021,0.087682,0.087723,547055,69.81063364894388,84.43544896253185,-30.189366351056137,6442627.831058706,5.250338944413105,100.78585461689588,3.7773571513072297,13,16,3,27976.798828,28494.458984,27347.787109,27530.785156,19793041322,1732.984009,1743.563599,1646.077637,1663.627563,8420552922,1.000027,1.001006,0.999802,1.000333,33775951107,218.049347,221.188293,213.546326,214.757935,466879383,23.837955,24.603424,22.976023,23.3717,658084028
2023-10-03,0.087716,0.089579,0.086121,0.089417,2909395,89.88262311814235,86.21515020374171,-10.117376881857645,9079424.80329698,6.877592245078463,101.7953096539162,7.691103322855324,10,17,9,27508.251953,27667.191406,27216.001953,27429.978516,11407814187,1662.887207,1670.356323,1644.49646,1656.685669,4742827302,1.000263,1.000509,0.999742,1.000092,28992376862,214.734909,215.721191,212.770569,213.435944,305437646,23.369921,24.662073,23.296711,23.552694,653491878
2023-10-04,0.089466,0.089466,0.087097,0.088673,1321569,80.39040571574385,80.02788749427671,-19.60959428425615,9516228.740401244,6.26775163884328,100.3449853453976,6.390152015069525,11,13,14,27429.074219,27826.658203,27248.105469,27799.394531,11143355314,1656.735962,1657.25354,1629.426636,1647.838135,5127524863,1.000022,1.000561,0.999771,1.000437,21138935230,213.441467,213.762405,210.936401,213.413086,357560724,23.556915,23.754377,22.692842,23.144787,429268875
2023-10-05,0.08868,0.089513,0.088136,0.088601,350616,79.47180403164072,83.24827762184232,-20.52819596835927,9402412.217525424,6.492866500799294,99.82504257243752,5.90225069624565,11,16,3,27798.646484,28091.861328,27375.601563,27415.912109,11877253670,1647.788208,1654.379028,1609.849976,1611.47644,5403759057,1.000287,1.000646,0.999906,1.000089,18816329985,213.422745,213.7836,210.471237,210.679672,351872670,23.146551,23.717648,22.628948,22.694141,361288781
2023-10-06,0.088599,0.088682,0.0852,0.086859,1059397,57.24674661903555,72.36965212214005,-42.75325338096445,9352515.288174482,3.63799069323471,98.18062911768504,4.093812542693818,4,14,10,27412.123047,28252.537109,27215.552734,27946.597656,13492391599,1611.365723,1659.609863,1611.365723,1645.831543,4941208729,1.000037,1.000638,0.999885,1.000436,19152176768,210.665268,214.39296,210.557251,213.555527,271152975,22.692167,23.705091,22.692167,23.424454,402665506
2023-10-07,0.08686,0.088076,0.086475,0.088007,299884,71.89334013779029,69.53729692948887,-28.10665986220971,9626550.448699154,3.5668894746752096,99.48436960025322,5.778915611966498,1,5,1,27946.78125,28028.091797,27870.423828,27968.839844,6553044316,1645.810913,1648.183716,1631.158203,1634.51123,2578994988,1.000439,1.000776,1.000272,1.00055,11006329208,213.543961,213.859863,211.760803,212.364471,211771782,23.42395,24.101723,23.117117,23.287302,278403509
2023-10-08,0.088009,0.0883,0.087879,0.088099,206592,73.06710895636638,67.4023985710641,-26.93289104363361,9635874.078152832,2.579060127613985,99.88888510947083,5.117527741319653,1,3,2,27971.677734,28102.169922,27740.662109,27935.089844,7916875290,1634.657349,1641.182373,1618.189209,1633.548584,3315554175,1.000588,1.0008,1.000271,1.00046,12488411034,212.381012,212.846771,209.701782,211.519989,267193041,23.289335,23.613707,23.144279,23.246426,190670414
2023-10-09,0.088092,0.088402,0.084467,0.084518,570276,27.379433528961417,57.44662754103938,-72.62056647103859,9080380.327708105,-4.9002509198519215,96.32872768954724,-0.5389757107889287,4,17,3,27934.472656,27989.470703,27302.5625,27583.677734,12007668568,1633.454834,1635.447876,1553.006958,1579.806641,7020801716,1.000456,1.001182,0.999878,1.000081,20684218429,211.522614,212.102859,203.655441,205.750961,416312027,23.244909,23.353512,21.814489,22.118397,356967743
2023-10-10,0.084517,0.086284,0.084176,0.085218,106203,25.392318039157157,41.946286841495,-74.60768196084284,9079171.185393112,-3.2108580839343475,97.79515553916144,-0.7754645801313399,7,21,6,27589.201172,27715.847656,27301.654297,27391.019531,9973350678,1580.112061,1593.741333,1553.031738,1567.713013,5254966125,1.000196,1.000824,0.999859,1.000088,17384784047,205.750092,210.454285,205.750092,208.576874,441959353,22.117517,22.458488,21.738728,22.105116,241087146
2023-10-11,0.085216,0.086392,0.084378,0.085741,375312,29.809957593843215,27.527236387320613,-70.19004240615678,9211853.481321612,-4.691981058669219,98.87059071597892,-3.5241299382264537,8,17,5,27392.076172,27474.115234,26561.099609,26873.320313,13648094333,1567.680786,1578.223511,1548.980469,1566.254761,5416504273,1.000065,1.000661,0.999569,0.999752,19945698427,208.582291,208.730545,204.80925,206.533417,323117665,22.105202,22.391182,21.679808,22.00742,278925381
2023-10-12,0.085737,0.086375,0.085062,0.085159,305499,16.291017567119624,23.83109773337335,-83.70898243288038,8951492.947429761,-2.922836656293101,98.75944539521969,-3.277869271395309,6,22,5,26873.292969,26921.439453,26558.320313,26756.798828,9392909295,1566.355957,1566.878174,1523.237549,1539.612427,5003930677,0.999749,1.000567,0.999478,0.999708,16234691731,206.535873,206.659103,203.658447,205.229416,302337006,22.007484,22.019926,21.068972,21.300268,283320977
2023-10-13,0.085158,0.085699,0.084822,0.085538,241033,22.57209148160429,22.89102221418906,-77.42790851839571,9104028.084259868,-4.338101255913298,99.41655044165503,-4.917631889019805,6,15,6,26752.878906,27092.697266,26686.322266,26862.375,15165312851,1539.432861,1571.75061,1537.921143,1552.089478,4575141511,0.999646,1.000466,0.999381,0.99996,21158055012,205.2258,207.942535,204.617615,206.036118,296977151,21.299955,22.156654,21.132036,21.834917,269268807
2023-10-14,0.085549,0.085671,0.083804,0.083944,297421,2.1854511395566867,13.682853396093554,-97.81454886044332,8851212.2690483,-5.333077712494217,98.2265632705189,-4.307878207539631,1,5,2,26866.203125,26969.0,26814.585938,26861.707031,5388116782,1552.263794,1560.325073,1545.73877,1555.256836,2429214718,0.999888,1.000621,0.999793,1.000106,9989859215,206.040283,207.025543,205.827286,206.601898,203846460,21.834354,22.196814,21.821913,22.011719,174004594
2023-10-15,0.083944,0.085548,0.083243,0.085548,318345,33.08454140950195,19.280694676887663,-66.91545859049805,9169557.2690483,-3.4457850362862725,100.53217742829035,-4.3269177002136034,3,3,3,26858.011719,27289.169922,26817.894531,27159.652344,7098201980,1555.07605,1565.760864,1550.554565,1558.069824,2923337883,1.000025,1.000548,0.999836,1.000373,12496424347,206.600281,210.231613,206.478577,209.742508,352524312,22.010534,22.135815,21.711384,21.922028,178940996
2023-10-16,0.085548,0.088881,0.08525,0.088747,1879970,86.8686868686869,40.71289313924853,-13.131313131313105,10910768.81132316,2.1736377347194886,103.5562890172447,0.0834526857104243,6,12,11,27162.628906,29448.138672,27130.472656,28519.466797,27833876539,1558.313477,1628.15625,1555.989624,1600.534302,8846928526,1.000379,1.000932,0.999911,1.000548,47707269941,209.74881,217.121231,209.74881,214.823959,521099239,21.922586,24.414469,21.922586,23.982958,726713710
2023-10-17,0.088741,0.088817,0.087485,0.088277,452785,80.28708133971288,66.74676987263393,-19.712918660287105,10996430.838350188,0.306793777767669,102.485264215844,-0.3656843602216734,9,17,8,28522.097656,28618.751953,28110.185547,28415.748047,14872527508,1600.63562,1601.294678,1554.402954,1565.439575,5032686973,1.00058,1.00084,1.000156,1.000404,38333912794,214.812119,215.012222,210.382355,211.643234,352621995,23.98159,24.485266,23.64439,23.959318,520830665
2023-10-18,0.088273,0.089456,0.088273,0.089139,384316,94.03508771929826,87.06361864256603,-5.964912280701746,11174782.050522633,1.1804901304214568,102.90606776261971,2.6249438745553024,7,9,14,28413.53125,28889.009766,28174.251953,28328.341797,12724128586,1565.382813,1584.726929,1556.736328,1563.749878,4354138855,1.000419,1.000792,1.000107,1.000227,32819081997,211.6362,213.576279,210.096695,210.501038,275336939,23.959225,24.302999,23.424078,23.432138,362606644
2023-10-19,0.089132,0.089915,0.088654,0.089915,403206,100.0,91.4407230196704,-0.0,11577988.050522633,6.385621997680967,102.99406978799163,2.1680093628915804,11,13,10,28332.416016,28892.474609,28177.988281,28719.806641,14448058195,1563.95813,1573.737671,1543.585083,1567.457031,5035110867,1.000405,1.001075,1.00007,1.000463,33070893762,210.491623,211.412018,208.537125,211.144165,281310969,23.433477,25.389076,23.256447,24.93792,663249208
2023-10-20,0.089913,0.091572,0.089913,0.09089,2136103,91.81174210589504,95.2822766083978,-8.188257894104956,11957825.533946369,6.655870825412467,103.20702073127212,3.1680268788522024,9,17,8,28732.8125,30104.085938,28601.669922,29682.949219,21536125230,1567.570923,1628.609009,1562.302856,1604.66687,6747486127,1.000442,1.001096,1.000091,1.000531,40795586179,211.14505,216.102417,210.746552,212.300842,335590168,24.937544,27.31617,24.774506,27.033674,910991447
2023-10-21,0.090889,0.09172,0.090648,0.091663,635014,99.32759230859972,97.0464448048316,-0.6724076914002772,12525310.060065769,6.906847365904289,102.7975949206878,8.453820487943394,2,4,0,29683.380859,30287.482422,29481.751953,29918.412109,11541146996,1604.822266,1641.241821,1593.447998,1629.304443,4212179634,1.000492,1.000676,1.000103,1.000356,31214248865,212.298523,215.612778,211.622513,214.305664,267943731,27.034481,30.142448,26.712612,29.386229,1160814433
2023-10-22,0.091656,0.09174,0.088736,0.089126,1100893,69.23620101212188,86.79184514220556,-30.76379898787812,11710268.10533874,4.658344978217215,99.3827229325997,4.58588561102114,1,3,1,29918.654297,30199.433594,29720.3125,29993.896484,10446520040,1629.297729,1667.666626,1623.984741,1663.429932,5248406817,1.000333,1.000692,0.999967,1.000246,33182189773,214.321732,218.004852,213.83429,217.747375,286771903,29.384228,29.966192,28.208645,29.036682,665340924
2023-10-23,0.089059,0.092371,0.088652,0.090323,1273981,77.56354075372487,82.04244469148217,-22.43645924627514,11581122.948845062,5.594005003624117,100.46525448371528,5.344001119651046,12,11,5,30140.685547,34370.4375,30097.828125,33086.234375,38363572311,1674.849243,1794.070435,1663.447998,1765.38269,14362295879,1.000555,1.001014,0.999822,1.0004,50238491833,218.455917,229.981461,218.304977,228.352768,611625206,29.26222,32.468773,28.901739,31.850985,1581590969
2023-10-24,0.090318,0.093474,0.090265,0.092506,1100735,90.53855928061778,79.11276701548819,-9.461440719382232,12017780.990291,10.199656914133232,102.20657173252184,8.627391115442885,10,8,8,33077.304688,35150.433594,32880.761719,33901.527344,44934999645,1766.014648,1852.684448,1758.690063,1784.4375,15888690475,1.000363,1.000568,0.999573,1.000015,60389981030,228.338303,236.750076,223.117142,225.14296,658304834,31.849657,32.360317,29.702093,30.151537,1450364573
2023-10-25,0.092511,0.093913,0.09241,0.093423,525666,95.40768509840684,87.83659504424985,-4.592314901593163,12200697.369532522,9.205358395286863,102.52647190701204,9.21812527765438,14,10,7,33916.042969,35133.757813,33709.109375,34502.820313,25254318008,1784.905029,1814.484741,1762.147095,1787.397583,9439066475,0.999966,1.000772,0.999739,1.000415,37032981246,225.16864,228.814819,222.03418,222.179932,414309192,30.15122,33.693222,30.059874,32.463066,1458706203
2023-10-26,0.093425,0.093736,0.092202,0.092833,700414,89.87816307403938,91.94146915102137,-10.121836925960617,12076504.013600314,4.604099293497236,101.41502955846458,10.589202325359755,10,15,6,34504.289063,34832.910156,33762.324219,34156.648438,19427195376,1787.481934,1865.095215,1764.013062,1804.039307,11196672635,1.000403,1.000654,0.999781,1.000193,34400726384,222.185516,227.85788,219.926727,223.236038,438534864,32.461857,33.22134,30.797068,32.775494,1015617285
2023-10-27,0.092842,0.094226,0.092823,0.09355,2217753,93.84503323317848,93.04362713520824,-6.154966766821538,12157120.836836208,5.973243313660411,101.7758119063013,9.353813064010842,9,14,9,34156.5,34238.210938,33416.886719,33909.800781,16418032871,1803.794922,1804.135864,1751.440063,1780.045288,7493399771,1.000162,1.0008,0.999922,1.000257,26940157935,223.219086,229.851791,220.203506,224.475906,554008090,32.776436,33.302402,31.525139,31.739698,870812666
2023-10-28,0.093561,0.094409,0.093369,0.094271,572281,98.76410531972046,94.16243387564612,-1.235894680279536,12577527.263759272,5.757300396010723,102.14617851747283,6.224435755574822,3,4,1,33907.722656,34399.390625,33874.804688,34089.574219,10160330825,1780.084229,1800.605347,1773.436646,1776.618164,4226112731,1.000317,1.000748,0.999542,1.000253,17102158535,224.471512,227.970612,224.35762,225.774078,244363054,31.739922,32.477669,31.506313,31.653318,380462073
2023-10-29,0.09428,0.095052,0.094264,0.094826,328065,97.69434809222602,96.76782888170834,-2.3056519077739663,12717412.847515613,5.461825056998275,101.84891949451615,7.418693430904992,4,1,2,34089.371094,34743.261719,33947.566406,34538.480469,11160323986,1776.563965,1810.488647,1766.052979,1795.546021,4358528382,1.000235,1.000727,0.999972,1.000387,17945833722,225.787994,228.146133,224.258316,227.148453,207847188,31.652102,33.131329,31.434202,32.822609,507672244
2023-10-30,0.094829,0.09525,0.093071,0.093864,828397,82.15067611075342,92.8697098409,-17.84932388924658,12491970.24953489,3.2720871382990477,100.27087946550525,5.300710126880498,16,9,8,34531.742188,34843.933594,34110.972656,34502.363281,17184860315,1795.589111,1829.249512,1779.364502,1810.088623,7534051038,1.000234,1.000873,0.999899,1.000572,28763511481,227.134918,229.191498,225.02121,228.28743,282899321,32.819035,35.172894,32.394566,34.962337,1099930941
2023-10-31,0.093868,0.096812,0.093626,0.096802,1011999,99.88289026818134,93.2426381570536,-0.1171097318186688,13497616.46234092,5.606406074424801,102.73587752001689,7.6594561530334255,15,17,8,34500.078125,34719.253906,34083.308594,34667.78125,15758270810,1810.131592,1819.972656,1784.567627,1816.458984,6477922747,1.000593,1.000901,1.000037,1.000315,29335341382,228.282364,229.241302,224.331314,226.439941,319329197,34.959831,38.546432,34.908436,38.519516,1577034191
2023-11-01,0.0968,0.100427,0.096746,0.100311,2547815,99.01486199575366,93.68280945822949,-0.9851380042463262,15884851.978505,12.54964881179454,105.35968562112784,10.365276708108702,13,10,10,34657.273438,35527.929688,34170.691406,35437.253906,22446272005,1815.87207,1858.312866,1786.409546,1847.089722,10628825648,1.000428,1.00086,0.999784,1.000611,39913237495,226.418167,229.141083,222.860397,228.000107,384772000,38.513058,46.2509,37.961052,41.461544,3630725002
2023-11-02,0.100323,0.100775,0.098852,0.099243,2288555,87.36286397756328,95.4202054138328,-12.637136022436728,14526952.209914256,9.875668434396552,103.24492061581265,8.269421685958351,20,13,7,35441.578125,35919.84375,34401.574219,34938.242188,20998158544,1847.259888,1873.88501,1790.114746,1800.620972,9004197724,1.000559,1.00116,1.000004,1.000213,37061602828,228.016647,233.336075,227.907486,231.723022,487639810,41.385948,44.489124,38.975346,40.207569,2583692673
2023-11-03,0.099245,0.099328,0.097638,0.097638,2201011,74.12356677390086,86.83376424907262,-25.876433226099135,12325941.209914256,5.547748254167295,100.96180691478756,9.550523977290585,10,13,6,34942.472656,34942.472656,34133.441406,34732.324219,17158456701,1800.916504,1835.07251,1779.635498,1832.795166,7622864055,1.000266,1.001012,0.999968,1.00065,30750864935,231.703262,232.211319,226.346741,230.605972,332547803,40.208927,40.225723,38.218376,39.51976,1755955299
2023-11-04,0.097638,0.098133,0.097468,0.097805,300928,75.50111358574613,78.99584811240344,-24.49888641425388,12330013.919688696,4.690493775622702,100.60926774716415,8.283604397551015,1,5,3,34736.324219,35256.03125,34616.691406,35082.195313,9561294264,1833.368896,1867.261353,1825.736572,1857.698608,4845080427,1.000613,1.001269,1.000326,1.000781,20039891292,230.597488,238.509964,229.655334,237.454605,267965564,39.52021,42.69524,39.168793,42.346596,1454107898
2023-11-05,0.097802,0.098396,0.096079,0.096803,537576,67.23583271467459,72.28683769144054,-32.76416728532542,12128393.917962328,4.27649650447578,99.29007452385906,4.6451041013555825,2,2,2,35090.011719,35340.339844,34594.242188,35049.355469,12412743996,1857.39563,1911.608643,1848.620117,1894.157715,8867152645,1.00085,1.001541,1.000461,1.000724,27539467535,237.44223,245.594025,236.786179,244.322479,419858434,42.373367,42.803539,40.380127,41.238602,884855278
2023-11-06,0.096797,0.098737,0.095774,0.09793,1294111,72.93054234062798,71.88916288034959,-27.069457659372016,12717579.115059864,4.681988241582052,99.85113585382769,4.8242938034531075,9,11,9,35044.789063,35286.027344,34765.363281,35037.371094,12693436420,1894.0271,1914.582642,1871.973022,1899.837402,8104122602,1.000678,1.001209,1.000117,1.000317,28998480107,244.32045,255.3423,242.180099,254.634796,524115628,41.238564,42.155067,39.825077,42.12859,1010459088
2023-11-07,0.097922,0.098016,0.095437,0.095795,1690798,41.91064971421906,60.69234158984057,-58.08935028578094,11496192.269771004,1.6166159264248938,97.81773093614382,3.19067572953584,10,15,7,35047.792969,35892.417969,34545.816406,35443.5625,18834737789,1900.599731,1907.561401,1852.790894,1888.124268,9203228152,1.000305,1.001108,1.000036,1.000569,37131401565,254.65329,255.546097,242.694977,246.395294,549207441,42.137772,44.42585,40.319908,43.092545,1780187159
2023-11-08,0.095803,0.098222,0.095315,0.098149,685929,69.36894902601185,61.40338036028631,-30.631050973988152,12147671.447273582,3.504313163056553,100.53851320601204,4.91608765366115,16,6,15,35419.476563,35994.417969,35147.800781,35655.277344,17295394918,1887.119019,1904.546265,1874.545654,1889.322388,6751627017,1.000499,1.000966,0.99991,1.000355,31439123893,246.390121,247.809067,244.580383,247.123291,369346518,43.085918,43.805058,42.39423,43.189888,1009177437
2023-11-09,0.098159,0.100259,0.097915,0.098819,1940904,75.40241448692154,62.22733774238417,-24.59758551307846,11703846.983109765,5.2789141736981176,101.28766990902554,4.82438926074828,23,15,5,35633.632813,37926.257813,35592.101563,36693.125,37762672382,1888.940308,2130.885254,1884.204346,2120.561035,24709695029,1.000386,1.000817,0.999578,1.000093,71681797266,247.05217,255.454651,243.329544,251.510849,1116630429,43.18187,48.703068,42.608185,45.444828,2830770419
2023-11-10,0.098808,0.111356,0.098788,0.106282,22453311,72.25047853431776,72.3406140157504,-27.749521465682232,16027288.471015563,9.793186091196466,107.57551877359622,12.081074810705934,11,13,10,36702.25,37493.800781,36362.753906,37313.96875,22711265155,2121.067383,2134.691406,2068.134277,2078.289795,14740624457,1.000173,1.000721,0.999743,0.999998,50393389957,251.526825,257.788025,248.943314,251.082367,873515280,45.442371,57.349102,45.216846,56.643852,3795204638
2023-11-11,0.106276,0.108401,0.105207,0.107868,2375919,80.92425485370526,76.19238262498153,-19.075745146294732,17610242.64509197,7.533570595448165,107.61495112920193,14.919457939146,1,3,1,37310.070313,37407.09375,36773.667969,37138.050781,13924272142,2078.05835,2089.530518,2035.082153,2052.713867,10228351203,1.000256,1.000817,0.999716,0.999833,40492882175,251.09848,255.0784,246.72113,251.421616,872206327,56.640995,63.415447,54.044868,56.102661,4182963132
2023-11-12,0.107873,0.108558,0.10688,0.108363,3902360,83.6313918512442,78.93537507975576,-16.36860814875579,20605617.901349414,9.18956500710378,106.35650849824596,11.94293506332514,3,3,0,37133.992188,37227.691406,36779.117188,37054.519531,11545715999,2053.118652,2066.003418,2019.028076,2045.187012,7951011698,0.999935,1.000777,0.999662,1.000143,34090921591,251.434418,251.646927,245.832458,247.640015,758715918,56.13203,61.714905,54.942104,56.154099,2987356952
2023-11-13,0.108364,0.110759,0.106618,0.106618,3305609,73.27693175408915,79.2775261530129,-26.72306824591085,17300008.901349414,9.197238779983206,103.38443040113924,6.287446042806878,9,11,7,37070.304688,37405.117188,36399.605469,36502.355469,19057712790,2045.354492,2116.010742,2031.954224,2055.265381,14322027970,1.000253,1.001231,0.999876,1.000374,47623447835,247.640472,250.124313,241.127136,241.335068,888039233,56.180626,59.713657,51.907051,51.907051,2942685126
2023-11-14,0.106614,0.107491,0.103404,0.103949,3034608,53.82457452777261,70.244299377702,-46.17542547222739,15074728.701691968,6.281887429068039,99.67056960638205,4.741896153884911,8,10,10,36491.789063,36753.351563,34948.5,35537.640625,23857403554,2054.765381,2065.066895,1939.280396,1979.052612,13087862495,1.000664,1.000804,0.999598,1.000259,47902433059,241.369843,248.665222,236.285736,242.263672,917236070,51.902218,57.730106,51.714462,56.838375,3195616616
2023-11-15,0.103949,0.105829,0.103396,0.103998,3515813,54.13004176796956,60.41051601661045,-45.86995823203044,13298759.044067608,7.432620889848448,98.92498542594956,6.513857309654019,9,11,10,35548.113281,37964.894531,35383.78125,37880.582031,27365821679,1979.472656,2061.991699,1968.774658,2060.408447,12626326991,1.00025,1.000932,1.000022,1.00077,49894898098,242.281006,254.181778,242.261169,253.755341,921052035,56.839939,66.867668,56.308987,65.534401,3793937162
2023-11-16,0.104005,0.105016,0.101767,0.102073,2429199,42.12954304594477,50.02805311389566,-57.87045695405523,11327137.695037138,4.230572858163988,96.66644569242278,4.363785082562234,12,8,11,37879.980469,37934.625,35545.472656,36154.769531,26007385366,2059.96582,2088.662354,1940.574219,1960.881592,14651619483,1.000606,1.000793,0.999753,1.000039,52458412049,253.744781,255.585037,240.675674,242.758881,950453378,65.539444,67.992149,56.810131,57.871403,3922608772
2023-11-17,0.102079,0.103413,0.102009,0.103196,2713190,49.13035346923508,48.46331276104982,-50.86964653076492,13201635.05970947,7.725872957878793,98.13970233607088,6.604134169395573,8,5,11,36164.824219,36704.484375,35901.234375,36596.683594,22445028430,1961.867554,1990.050537,1910.445435,1961.280762,11881648738,1.000182,1.000617,0.999865,1.000578,45809290050,242.839951,245.987595,238.999649,244.745361,788884171,57.92104,60.41629,54.551647,58.415936,3185454735
2023-11-18,0.103195,0.105267,0.100921,0.101849,2711905,40.73312137647277,43.99767263055089,-59.26687862352722,11647874.486768832,3.7697786019215633,97.65727091169596,4.001838047585001,1,5,0,36625.371094,36839.28125,36233.3125,36585.703125,11886022717,1961.671265,1971.46228,1921.062378,1963.285034,8064677046,1.000437,1.000837,1.000161,1.000598,30549410765,244.746262,245.353058,239.280823,244.95076,679630905,58.392673,59.283443,55.062313,58.512726,1942321169
2023-11-19,0.101905,0.103395,0.100387,0.102774,5913757,46.49959478835488,45.454356544687606,-53.50040521164511,15119847.512699692,4.002266770560317,99.30444457020911,7.2853489221775645,6,3,2,36585.765625,37509.355469,36414.597656,37386.546875,12915986553,1963.180054,2015.633911,1944.900879,2013.204468,7716048818,1.000598,1.000811,1.000191,1.000454,28609109544,244.967682,246.936264,242.423508,246.587784,618053586,58.524284,62.021152,56.882648,61.393559,1998656461
2023-11-20,0.102782,0.10405,0.101458,0.101717,2505475,39.91023003553398,42.38098206678723,-60.08976996446603,13115080.86532314,-4.295176981991306,98.95254851602932,3.6352892031503137,5,4,4,37374.074219,37756.820313,36882.53125,37476.957031,20888209068,2011.853394,2066.409912,1996.044312,2022.239136,12866464824,1.000492,1.001007,1.000034,1.000597,40570824216,246.584549,263.870026,243.141754,253.635086,1289010990,61.370461,61.370461,56.353432,56.533833,1937313546
2023-11-21,0.101726,0.101992,0.096347,0.096451,2108477,7.081852752322163,31.163892525403696,-92.91814724767784,11084294.426173449,-10.584232580561435,94.81769743475952,-2.3963003066212054,0,0,0,37469.160156,37631.140625,35813.8125,35813.8125,25172163756,2022.217285,2035.035889,1937.066772,1937.066772,13653500841,1.000518,1.000865,0.999792,1.000389,48932459629,253.64386,269.917572,224.981705,226.486404,2480554399,56.540367,57.365688,51.555916,52.000473,2440890238
2023-11-22,0.096445,0.100827,0.096445,0.099989,31347980,24.265440735558624,23.75250784113827,-75.73455926444139,30442494.763918683,-7.727729944722836,98.85233931549934,-5.921040251406642,0,0,0,35756.554688,37856.980469,35670.972656,37432.339844,24397247860,1933.58313,2089.51416,1933.162964,2064.425293,13372200584,1.000374,1.000684,0.999857,1.000338,43622993259,226.461319,238.176697,225.658249,236.136597,1338117919,52.002129,58.791565,51.737495,57.588558,1985653842
2023-11-23,0.1,0.101876,0.099926,0.101783,1899164,36.21826903857684,22.521854175485895,-63.78173096142316,32160507.736226384,-4.534881539702495,100.66717625632457,-5.64115400304076,0,0,0,37420.433594,37643.917969,36923.863281,37289.621094,14214948217,2063.905518,2088.031982,2041.464233,2062.210693,7828437946,1.000361,1.000477,0.999917,1.000142,28640324596,236.096024,238.791336,230.752243,233.765808,766695224,57.578018,59.473923,56.287563,56.599369,1379316733
2023-11-24,0.101803,0.103015,0.100787,0.102844,4740686,45.080488481820744,35.18806608531876,-54.91951151817926,36173494.17967346,-1.0630212892860873,101.76715808579786,-5.093066821701131,0,0,0,37296.316406,38415.339844,37261.605469,37720.28125,22922957823,2062.411865,2132.481201,2060.999023,2081.1521,12141148820,1.000149,1.000858,0.999923,1.000353,40071555958,233.752701,236.379303,232.192856,232.900955,709881299,56.578892,58.686012,56.349091,56.86644,1146346831
2023-11-25,0.102834,0.108574,0.102701,0.108526,8909136,84.5059672495143,55.26824158997065,-15.494032750485704,44937001.53060142,4.35392988326699,106.38552327177192,1.789566489710924,0,0,0,37721.414063,37892.429688,37617.417969,37796.792969,9099571165,2081.296143,2091.342773,2067.917236,2084.413086,5362623390,1.000264,1.000817,0.999926,1.000479,23045093192,232.917435,235.781296,232.68335,234.439941,553022191,56.866287,59.654144,56.325279,58.846489,1183793273
2023-11-26,0.108538,0.11002,0.107244,0.107692,5311057,78.71912295309463,69.43519289480992,-21.280877046905367,41340176.184780054,5.504883759662202,104.84588359976745,3.600804240541031,0,0,0,37796.828125,37820.300781,37162.75,37479.121094,13744796068,2084.17749,2094.095947,2038.600464,2063.286133,8054814154,1.000486,1.000609,0.999623,1.000211,30299804822,234.428207,234.494659,229.385056,232.047195,606332049,58.845421,58.957962,56.511456,57.6427,871154750
2023-11-27,0.107663,0.107766,0.102246,0.102246,3245788,43.14342134132962,68.78950384797953,-56.85657865867038,38094388.184780054,-0.9205783169890234,99.47062739478912,-1.6846477816880996,0,0,0,37454.191406,37559.355469,36750.128906,37254.167969,19002925720,2062.390869,2070.606201,1988.120361,2027.417358,10574810069,1.000214,1.000661,0.999835,0.99998,38568585545,231.983887,232.809387,223.486832,227.421478,795547656,57.628868,58.021225,53.71447,55.064621,1237763215
2023-11-28,0.102256,0.103207,0.100746,0.102947,2818066,48.27031375703937,56.71095268382123,-51.72968624296063,40317007.48831521,1.0780665494997514,99.2565014799725,0.856249938769312,0,0,0,37247.992188,38368.480469,36891.089844,37831.085938,21696137014,2027.517212,2074.954102,1996.814697,2049.338135,9910633038,1.000112,1.000668,0.999888,1.000377,37720536626,227.427994,231.755524,224.678635,229.692963,674267936,55.06263,58.606823,54.085323,58.19437,1412314015
2023-11-29,0.102941,0.103648,0.102678,0.103063,1793977,49.11870108973888,46.84414539603598,-50.88129891026112,39947115.32336675,0.2811995251717337,98.94939109944988,-0.1288809643784587,0,0,0,37826.105469,38366.113281,37612.632813,37858.492188,20728546658,2049.186768,2071.994385,2020.756592,2029.929199,8945151861,1.000326,1.000817,0.999889,1.00022,35115076722,229.693237,231.197449,226.51944,227.342758,602240832,58.19305,61.653358,57.855091,59.25013,1941361674
2023-11-30,0.103039,0.104102,0.10125,0.101685,1749298,39.040444671981234,45.47648650625319,-60.959555328018766,38731439.08353504,-0.0314598346392483,97.63951588676588,-0.161022690453512,0,0,0,37861.117188,38141.753906,37531.140625,37712.746094,18115982627,2029.358398,2054.444336,2022.461792,2052.556152,8107789163,1.000236,1.00039,0.999863,1.000156,29247809691,227.343033,229.143967,226.226547,227.683807,572448874,59.253517,61.437874,58.946922,59.241623,1263841021
2023-12-01,0.101679,0.103628,0.101071,0.103175,823197,49.93783368682804,46.03232648284941,-50.06216631317195,39262959.712005906,6.971415537423156,99.02527511400812,0.3901765037850025,0,0,0,37718.007813,38954.109375,37629.359375,38688.75,23512784002,2052.09668,2109.319092,2046.557007,2087.139893,10866891430,1.000196,1.00063,0.999831,1.000185,36738335582,227.688812,229.891068,227.232666,228.545639,611750028,59.238178,61.758018,58.77821,59.803997,1376669760
2023-12-02,0.103172,0.103468,0.102622,0.103179,649849,49.9670884224384,46.31512226041591,-50.0329115775616,39468822.04297518,3.190350938603259,99.76049293702788,1.4373211950804732,0,0,0,38689.277344,39678.9375,38652.59375,39476.332031,15534035612,2087.663574,2182.817871,2087.407959,2165.704102,9130124831,1.000199,1.000561,0.999693,1.000364,31086578261,228.538559,230.034302,226.689606,229.300842,628871423,59.803745,63.832859,59.773762,63.832859,1346327049
2023-12-03,0.103181,0.103671,0.102834,0.103049,2478327,49.01630951510273,49.64041054145642,-50.98369048489726,38263709.63078883,1.243822642288008,100.27789207945015,6.840779255787919,0,0,0,39472.207031,40135.605469,39298.164063,39978.390625,15769696322,2165.895752,2213.175781,2151.720947,2193.69165,8278465782,1.000444,1.000562,0.999321,1.000309,32506614462,229.289536,231.639038,226.496017,228.098206,719496781,63.820877,65.396255,62.416622,63.039967,1368876645
2023-12-04,0.103069,0.105207,0.102943,0.104126,2679557,56.89314707818322,51.95884833857482,-43.10685292181678,38384431.72177822,1.2465481700439418,101.06180604084167,4.137455120063209,0,0,0,39978.628906,42371.75,39978.628906,41980.097656,39856129827,2193.66333,2273.069824,2193.007324,2243.21582,16149367134,1.000307,1.001027,0.99909,0.999913,74534917166,228.07547,236.834946,227.155319,233.295303,2139028703,63.037769,65.13324,60.280521,61.526615,2211865569
2023-12-05,0.104254,0.105452,0.102112,0.103295,1265983,50.4604051565377,52.123287249941235,-49.5395948434623,38015249.85291594,-4.820043123306857,100.2069093590106,1.4855132978984698,0,0,0,41986.265625,44408.664063,41421.148438,44080.648438,36312154535,2243.092529,2306.570313,2191.17627,2293.841797,15383072559,0.999974,1.000749,0.999307,1.000546,59504264657,233.308655,234.48468,228.407532,231.261353,851959167,61.529175,62.540005,59.250828,60.994831,1693517649
2023-12-06,0.103297,0.107533,0.102251,0.104204,3491944,42.3816128393105,49.91172169134384,-57.618387160689494,37105572.65791406,-3.238866396761125,100.9291378458669,1.3223911944303994,0,0,0,44080.023438,44265.769531,43478.082031,43746.445313,29909761586,2293.628174,2310.713135,2225.081055,2231.661377,12790612571,1.00022,1.000856,0.999839,1.000032,57074332907,231.263443,234.586105,229.424408,229.424408,850327297,60.979866,66.383621,60.979866,61.902958,3030993886
2023-12-07,0.104208,0.104867,0.102991,0.104031,1381781,35.42160879879226,42.75454226488018,-64.57839120120774,37255830.29330851,1.7457895663399985,100.4355507620759,-4.141864622302489,0,0,0,43769.132813,44042.589844,42880.648438,43292.664063,27635760671,2233.217773,2380.729736,2225.050537,2357.57959,14766891042,1.000011,1.001062,0.999906,1.000317,52213979484,229.532211,234.538437,229.200974,232.977432,813730268,61.934044,69.300468,61.873009,67.83783,3002455075
2023-12-08,0.104039,0.107432,0.104028,0.107207,1279686,69.66788872115583,49.15703678641955,-30.332111278844177,38366345.112344936,4.138051618794137,102.92940113099736,-0.4503584295955125,0,0,0,43293.136719,44705.515625,43125.296875,44166.601563,24421116687,2357.169189,2387.514404,2340.92041,2358.731934,12543458699,1.000372,1.000662,0.999953,1.000124,48979635040,232.960495,239.838699,232.648605,238.915985,828993280,67.846718,75.129791,67.841232,75.002434,3612712432
2023-12-09,0.107195,0.10809,0.106621,0.107219,1038046,69.79728272590026,58.295593415282816,-30.202717274099747,38173433.90880511,4.032484984912134,102.37365491296916,4.863759951489536,0,0,0,44180.019531,44361.257813,43627.597656,43725.984375,17368210171,2358.686035,2401.760498,2331.666016,2341.175293,10613312823,1.000131,1.00094,1.000049,1.000517,45714652119,238.913254,245.00528,237.079895,237.7686,856746249,74.989548,77.502022,72.039688,72.257607,2893248364
2023-12-10,0.107237,0.108429,0.106195,0.106495,1135865,74.82754132500335,71.43090425735318,-25.172458674996648,37342635.60531362,4.730294537050705,101.2066627114341,3.4464336017562527,0,0,0,43728.382813,44034.625,43593.285156,43779.699219,13000481418,2341.440186,2376.749756,2323.405762,2352.462646,7369608905,1.000354,1.000709,0.999888,1.000044,32521476893,237.793716,241.25058,237.557755,239.733154,640133489,72.272949,74.724594,70.919228,74.705887,1849363354
2023-12-11,0.106485,0.106948,0.103061,0.103794,2086507,39.67200312377973,61.432275724894474,-60.32799687622027,36043064.35576384,0.599951538647923,98.68426950267911,0.7092749095213564,0,0,0,43792.019531,43808.375,40234.578125,41243.832031,40632672038,2352.496582,2354.914063,2160.358154,2224.578857,17989249470,1.000072,1.000773,0.99885,0.999547,73473005079,239.768906,246.755859,230.531036,246.420868,1442275453,74.714226,74.838112,67.215492,70.367172,3729540309
2023-12-12,0.103785,0.104832,0.102059,0.103421,793007,31.93802663767333,48.8125236954855,-68.06197336232668,36029051.61036175,0.23454385097742,98.31280699538684,1.707233121896053,0,0,0,41238.734375,42048.304688,40667.5625,41450.222656,24779520132,2224.391113,2242.55127,2166.77002,2202.038086,11391132228,0.999582,1.000987,0.99903,0.999786,50960203250,246.365784,256.709198,245.991943,254.49498,1394681963,70.344284,72.340927,65.968994,68.54068,2366453484
2023-12-13,0.103423,0.103458,0.102031,0.103437,1099573,32.1554770318022,34.588502264418445,-67.8445229681978,37096261.564811654,0.3765199080049292,98.43054143261864,0.2539374848558259,0,0,0,41468.464844,43429.78125,40676.867188,42890.742188,26797884674,2202.600342,2283.099121,2150.754395,2260.648682,12576395493,0.999721,1.000719,0.999246,1.000191,52038965688,254.403961,255.562973,244.81398,252.423325,1052163656,68.532249,72.354759,64.369774,70.767784,2414610075
2023-12-14,0.10347,0.1058,0.102998,0.10576,4953631,63.72655612938313,42.60668659961957,-36.27344387061687,41908461.27287733,1.569252636229194,100.4051086822372,2.501478013936944,0,0,0,42884.261719,43390.859375,41767.089844,43023.972656,25578530178,2260.736084,2331.601563,2239.366211,2316.579102,12608711052,1.000275,1.000986,0.999786,1.000155,50697278985,252.405609,254.087921,248.725708,253.541214,876150236,70.748672,76.179985,69.857323,75.620331,2464938440
2023-12-15,0.105749,0.105887,0.100991,0.101273,2889002,3.791341758537301,33.224458306574235,-96.2086582414627,39352260.97385772,-1.957500363037897,96.92534444263666,-1.723451950043183,0,0,0,43028.25,43087.824219,41692.96875,41929.757813,19639442462,2316.110352,2316.892822,2214.263184,2219.337402,10259157898,1.000228,1.001034,0.999585,1.00015,45289072124,253.517441,253.549713,243.867371,244.898438,769388533,75.636688,79.15107,72.366638,72.368988,2821390652
2023-12-16,0.101288,0.102639,0.100721,0.102518,1663666,23.313440581214255,30.277112823044916,-76.68655941878575,40806017.08230403,-1.6179801159264584,98.75161346253878,-1.5442828880394892,0,0,0,41937.742188,42664.945313,41723.113281,42240.117188,14386729590,2220.415527,2260.809814,2213.550781,2226.926514,6866555430,1.000081,1.000576,0.99911,0.999182,34866731284,244.896423,248.08638,243.450653,244.350967,651447427,72.433479,77.079201,71.569344,73.473503,1781972898
2023-12-17,0.102518,0.103111,0.102143,0.102278,414496,20.199792423456024,15.768191587735885,-79.80020757654398,40507134.63602304,-1.6850746412127198,99.0954779433646,-0.9845587879374644,0,0,0,42236.109375,42359.496094,41274.542969,41364.664063,16678702876,2226.892578,2244.366455,2195.761719,2196.481201,7410453853,0.999062,1.000443,0.998572,0.999877,34792857542,244.350708,244.432175,239.230637,239.308289,650163942,73.474785,74.720016,70.824455,71.000519,1552380672
2023-12-18,0.102252,0.102284,0.097943,0.100542,1909566,24.785428189967625,22.766220398212656,-75.21457181003237,40884121.05896706,-6.2169447890529455,97.85395194020263,-3.5142604890407263,0,0,0,41348.203125,42720.296875,40530.257813,42623.539063,25224642008,2195.341797,2222.019287,2120.127441,2217.273438,10366536490,0.999353,1.000306,0.998852,0.999758,47767663338,239.247147,241.348434,232.752808,241.348434,871708609,70.932632,75.380539,67.334404,74.34716,2281865174
2023-12-19,0.10055,0.10189,0.100017,0.100289,556174,22.372687392714113,22.452636002045946,-77.62731260728589,40489483.981551155,-6.463406672324861,98.03462380096552,-3.597004738972033,0,0,0,42641.511719,43354.296875,41826.335938,42270.527344,23171001281,2218.240967,2253.348877,2139.723389,2177.872559,10619179629,0.999771,1.000601,0.999282,0.99989,44657013334,241.347687,254.574585,241.347687,252.637192,1254351945,74.34919,76.271408,72.010612,72.989769,1900875405
2023-12-20,0.100228,0.103217,0.099905,0.102802,791263,46.337974442113335,31.16536334159838,-53.662025557886665,41082453.4157299,-3.467768439832857,100.58032432190667,-4.108873487738666,0,0,0,42261.300781,44275.585938,42223.816406,43652.25,27868908174,2177.239502,2263.329102,2161.21875,2201.911377,12652290807,0.999699,1.001117,0.999492,1.000026,50936892565,252.629761,261.557404,250.765045,260.107361,1053279744,72.98999,83.957451,72.98999,82.191231,3745738278
2023-12-21,0.102806,0.104388,0.102792,0.104287,695062,60.49971390425335,43.07012524636029,-39.50028609574666,41689543.90946425,0.4749792858932186,102.24373204629202,-2.734589951407857,0,0,0,43648.125,44240.667969,43330.050781,43869.152344,22452766169,2201.790039,2278.121582,2184.856689,2239.54248,12616530536,0.99995,1.000873,0.999715,1.000146,48533420642,260.148621,274.440613,256.59848,271.246582,1183480386,82.185646,95.323441,81.237709,93.854813,4711493441
2023-12-22,0.104288,0.104634,0.104081,0.104574,861673,63.236696547778,56.69146163138158,-36.763303452222,42364235.42664326,1.1148606182496796,102.0532838879672,-1.8038405558946489,0,0,0,43868.988281,44367.957031,43441.96875,43997.902344,21028503216,2239.598145,2341.94751,2233.532715,2326.524902,16137246310,1.000178,1.001344,0.999917,1.000943,52902171478,271.27652,276.15979,265.419495,271.376495,1014769310,93.858017,99.124428,90.798401,98.003693,5284203995
2023-12-23,0.104571,0.106657,0.104267,0.106487,1228915,81.4800686629792,68.40549303833687,-18.51993133702079,43418325.698609784,2.9486547366996305,103.34831177149954,2.594562306106327,0,0,0,44012.199219,44015.699219,43351.355469,43739.542969,13507796558,2326.71582,2332.072021,2270.428955,2309.046387,7995772945,1.00098,1.001313,1.000215,1.000741,36651294683,271.381287,272.167084,266.168457,271.390961,695725248,98.001686,109.508842,93.106766,107.594231,3957434568
2023-12-24,0.106497,0.107019,0.105094,0.105094,1208811,78.79021595416488,74.50232705497405,-21.209784045835125,42209514.698609784,-0.6297276853252647,101.5996961640714,1.617659856315456,0,0,0,43728.367188,43945.523438,42786.917969,43016.117188,18830554085,2309.626709,2325.705078,2249.984375,2265.692139,9450799236,1.000528,1.001279,1.000224,1.00088,49444358257,271.377533,272.590149,262.775635,264.717102,803502105,107.725136,117.380669,107.725136,112.485214,6365529251
2023-12-25,0.105104,0.107119,0.105091,0.106072,1278504,88.58979947689619,82.95336136468012,-11.410200523103812,42167906.58026658,4.738676646292691,101.76794292802268,2.5474443380995178,0,0,0,43010.574219,43765.09375,42765.769531,43613.140625,21115795370,2265.340576,2303.551025,2254.574463,2272.561768,8036302656,1.000781,1.001223,0.999815,1.000562,61756563211,264.735291,267.934204,262.487122,267.073364,738674209,112.564117,125.193893,108.903381,121.146461,5951791518
2023-12-26,0.106077,0.106364,0.102742,0.103232,1723314,57.63949433304271,75.00650325470129,-42.36050566695728,40910867.4891567,0.6964630601455416,98.64527648700152,-2.39031770045386,0,0,0,43599.847656,43603.175781,41676.488281,42520.402344,30026850982,2272.21875,2274.557373,2180.225342,2231.465332,10668581464,1.00049,1.000967,0.999325,1.000234,63483140133,267.072174,302.707581,265.090057,297.693237,1941843757,121.084335,121.143997,104.728218,112.676735,6117657160
2023-12-27,0.103225,0.105255,0.102812,0.105225,768999,79.35919790758494,75.19616390584132,-20.64080209241506,41660979.89889882,2.881362560863534,100.2182399033431,3.902323422827404,0,0,0,42518.46875,43683.160156,42167.582031,43442.855469,25260941032,2231.393066,2392.608643,2215.140381,2378.73999,14161342927,1.000231,1.001116,0.999848,1.000695,56078039633,297.748322,323.769409,286.403381,323.677338,1893987416,112.654831,115.033875,105.425232,107.023796,4267938569
2023-12-28,0.10524,0.108192,0.102841,0.105543,1204976,74.15357595863011,70.38408939975263,-25.84642404136989,41672914.81349422,4.974040699409193,100.3496204295686,2.9507013402524436,0,0,0,43468.199219,43804.78125,42318.550781,42627.855469,22992093014,2380.200684,2445.017578,2338.703857,2347.566162,15660799060,1.000856,1.001462,1.000029,1.001186,59086706628,323.803711,337.425812,321.327301,323.598999,1987714005,107.022705,109.420654,97.668648,102.104568,4492625126
2023-12-29,0.105544,0.106496,0.102746,0.10567,1064015,75.39272124109671,76.30183170243727,-24.607278758903288,42268195.73882756,5.365493723140122,100.32102619883008,3.3164512407360394,0,0,0,42614.644531,43124.324219,41424.0625,42099.402344,26000021055,2346.84375,2386.004639,2262.97583,2300.690674,12536968996,1.001083,1.001484,0.999801,1.000449,52443392742,323.513031,325.501434,309.191437,313.878754,1415732360,102.069283,109.67112,100.055511,106.311516,4445797973
2023-12-30,0.105661,0.106452,0.105408,0.10579,881734,76.56356717728556,75.36995479233748,-23.436432822714437,42031715.35568578,2.9065582381665633,100.52998400816698,5.219709176264634,0,0,0,42091.753906,42584.125,41556.226563,42156.902344,16013925945,2300.399658,2322.021484,2270.011963,2292.06543,6888195427,1.00051,1.000995,0.999754,1.000381,31559955137,313.841949,320.111572,313.560059,317.166199,901159404,106.2985,107.328224,101.068123,101.845085,1863177830
2023-12-31,0.1058,0.108536,0.105506,0.107867,1467214,93.68450863777976,81.88026568538737,-6.315491362220236,42851030.89627985,3.4328343897130034,102.11928877372029,7.556162689826403,0,0,0,42152.097656,42860.9375,41998.253906,42265.1875,16397498810,2291.945313,2318.512939,2261.394287,2281.471191,6871481744,1.000204,1.001257,0.999343,0.99973,33159237822,317.068146,325.006531,310.697845,312.435699,953254184,101.844177,105.133545,99.886429,101.505821,1748630533
2024-01-01,0.107863,0.108032,0.106356,0.107793,603269,91.39149577105788,87.21319052870778,-8.608504228942111,43282245.84974047,3.078202995008319,101.81225712435231,4.854963911207948,0,0,0,42280.234375,44175.4375,42214.976563,44167.332031,18426978443,2282.870361,2352.327881,2267.018066,2352.327881,6906765990,0.999881,1.000709,0.999574,1.000368,35556530943,312.385925,315.745667,308.096741,314.408295,910568057,101.51281,109.508682,101.51281,109.508682,2157671990
2024-01-02,0.107793,0.110192,0.107698,0.108617,2220262,84.68941382327216,89.92180607736998,-15.310586176727837,42698247.50491289,2.0002441612591273,101.8504899498329,4.152003605435002,0,0,0,44187.140625,45899.707031,44176.949219,44957.96875,39335274536,2352.593506,2431.212402,2348.892334,2355.836426,12910543630,1.000273,1.001395,1.000096,1.000507,59445456300,314.267548,320.933228,308.350647,312.103821,1133024158,109.549065,116.882492,106.388985,106.611221,3782057553
2024-01-03,0.108634,0.109911,0.104101,0.1063,2875773,47.75838926174505,74.61309961869172,-52.24161073825495,41999350.5210919,1.147544103374121,99.53449798014933,1.6505058618777184,0,0,0,44961.601563,45503.242188,40813.535156,42848.175781,46342323118,2355.981445,2385.117676,2113.925293,2210.761963,19332933581,1.000434,1.00363,1.000166,1.000657,87663506544,312.151611,332.749207,301.419189,316.661285,1927148986,106.616531,109.848091,92.923668,98.594437,5472216595
2024-01-04,0.106253,0.108321,0.106253,0.107527,1244124,64.22818791946307,65.55866366816012,-35.77181208053693,42288122.04913832,1.3717097820348425,100.41690902978264,0.976645036483326,0,0,0,42855.816406,44770.023438,42675.175781,44179.921875,30448091210,2210.529053,2294.608154,2204.865723,2269.038086,11044564896,1.000399,1.001759,1.000354,1.001032,54080510298,316.624451,323.822479,312.145447,323.600006,1285291962,98.586975,107.982468,97.10833,105.077538,3272723247
2024-01-05,0.107541,0.107595,0.102825,0.103492,1182635,10.067114093959743,40.68456375838932,-89.93288590604026,41436228.158153,0.251859888406692,96.93036797585184,-1.524349629855183,0,0,0,44192.980469,44353.285156,42784.71875,44162.691406,32336029347,2269.409424,2276.764648,2209.537109,2268.647217,10860953290,1.000933,1.001573,1.00041,1.000877,53743098427,323.620239,327.042328,310.650665,317.450287,1257230413,105.05201,105.235428,95.942726,99.97879,3022127826
2024-01-06,0.103493,0.104142,0.102094,0.104003,925058,23.57372190664356,32.623007973355485,-76.42627809335644,42235716.76166862,-1.1613209788548358,97.64243246034395,-1.9505618824949105,0,0,0,44178.953125,44227.632813,43475.15625,43989.195313,16092503468,2269.540039,2271.359375,2219.781982,2241.624756,5970741680,1.000853,1.001393,1.000296,1.000592,32532178110,317.495178,317.827271,301.395966,307.794495,1051283820,99.987991,100.037407,92.022789,93.857719,2235902092
2024-01-07,0.104005,0.104273,0.102998,0.103045,663441,11.74364040503821,15.12815880188053,-88.2563595949618,41621188.27460979,-2.3668078413537614,97.37275860346637,-0.1811453812771297,0,0,0,43998.464844,44495.570313,43662.230469,43943.097656,19330573863,2242.012695,2257.12793,2211.5625,2222.865967,6490053615,1.000503,1.001211,1.000161,1.000607,32666859534,307.794067,309.882385,301.086212,302.890533,817795075,93.860352,96.692398,88.223457,89.276344,2288061692
2024-01-08,0.103045,0.104267,0.101681,0.104182,1366636,29.385501116202583,21.567621142628145,-70.61449888379742,42897983.54761829,-1.408157471373146,98.92941345639925,-0.991209313376101,0,0,1,43948.707031,47218.0,43244.082031,46970.503906,42746192015,2222.857666,2358.815674,2171.993652,2333.032715,13830287095,1.000714,1.001379,1.000161,1.000599,61906019146,302.903503,308.283478,290.880402,304.500397,1141697708,89.278175,99.761871,85.646698,97.790443,4152448360
2024-01-09,0.104192,0.104303,0.101409,0.102387,1325863,11.135147443925842,17.421429655055572,-88.86485255607417,42468246.334764116,-3.2167501654220527,98.05359155931572,-2.9902504192603887,0,0,0,46987.640625,47893.699219,45244.714844,46139.730469,39821290992,2332.868164,2369.641602,2243.219238,2344.827148,14891130716,1.000843,1.00098,0.999423,1.000166,61396977432,304.47525,306.670807,296.519989,300.976105,1374376391,97.816032,103.796165,95.893791,99.409187,4070131683
2024-01-10,0.102387,0.105452,0.102387,0.105385,1250000,45.26927018103163,28.59663958038671,-54.73072981896837,43663597.068858735,-2.300981764580454,101.05120263663648,-0.2697075802025112,0,0,0,46121.539063,47647.222656,44483.152344,46627.777344,50114613298,2344.923584,2626.976807,2341.943115,2582.103516,29042100476,1.000235,1.001078,0.999732,1.000224,80427898461,300.982605,309.602875,290.12204,305.096832,1199728038,99.384239,105.082375,92.563263,102.03302,4216429514
2024-01-11,0.105385,0.107227,0.104943,0.105857,1393752,50.643288170329136,35.6825685984289,-49.356711829670864,43385334.84819324,-1.7960349929958284,101.73652538405248,0.0633330182437012,0,0,0,46656.074219,48969.371094,45678.644531,46368.585938,45833734549,2584.171631,2687.779053,2567.993652,2619.619141,22575246883,1.000289,1.001114,0.999108,1.000247,78116360556,305.223785,316.720062,302.647522,308.701508,1326827289,102.103653,106.935738,98.412498,99.909439,4174026719
2024-01-12,0.105857,0.107683,0.105857,0.106531,1439000,58.31720368894458,51.40992068010181,-41.68279631105543,43008641.529463775,-1.9205096808050344,101.95887283118444,-1.2385623035775573,0,0,0,46354.792969,46498.136719,41903.769531,42853.167969,43332698900,2619.177002,2710.421875,2460.925537,2524.460205,23623839263,1.00029,1.000445,0.99876,0.999909,71993899911,308.628326,312.686584,290.737274,296.630463,1198386629,99.911873,100.254494,88.309845,91.720909,2868799888
2024-01-13,0.106531,0.115652,0.106519,0.114441,3770296,91.49757775749488,66.81935653892289,-8.502422242505114,45779084.58826154,7.658513640639694,107.98823986153124,6.1673763602460285,0,0,0,42799.445313,43234.660156,42464.144531,42842.382813,20601860469,2522.933838,2589.079834,2498.594482,2576.5979,12250316867,1.000092,1.000281,0.999599,0.999976,38741665180,296.625427,302.924042,291.519745,302.227295,816347256,91.759743,96.917648,89.754494,95.730049,1880329065
2024-01-14,0.114441,0.117203,0.111363,0.111363,2444606,63.02393313916679,70.94623819520211,-36.976066860833214,43334478.58826154,3.567476075776322,103.91857051827245,2.5281493688833225,0,0,0,42842.261719,43065.597656,41724.613281,41796.269531,17521429522,2578.003662,2578.332275,2470.424316,2472.241211,9405587417,0.999942,1.000423,0.999283,0.99949,35054633394,302.227112,306.502319,299.014252,299.051331,787643004,95.732651,102.173584,93.890564,94.133141,2736734725
2024-01-15,0.111363,0.114137,0.108149,0.108483,2272515,44.78916044067365,66.43689044577847,-55.21083955932635,41315477.285656326,4.822594983187102,100.6539889481965,2.053621825023509,0,0,0,41715.066406,43319.722656,41705.417969,42511.96875,22320220558,2471.666992,2550.769043,2470.820801,2511.36377,9700630000,0.999492,1.00035,0.999076,0.999723,41325317168,299.025818,319.590057,299.025818,317.567261,1667214322,94.036545,96.821236,93.241112,94.490227,1755858499
2024-01-16,0.108483,0.110088,0.107771,0.108413,1862127,44.3459541598075,50.71968257988268,-55.65404584019251,40485275.64948885,4.240262300125956,99.7919715755852,0.8239790936229952,0,0,0,42499.335938,43566.273438,42085.996094,43154.945313,24062872740,2510.627197,2613.566895,2500.003906,2587.691162,11063317095,0.999443,1.000432,0.998689,0.999869,43063894677,317.546783,318.745941,313.542847,315.226257,1143877764,94.438347,98.595306,94.396683,97.626915,1806576879
2024-01-17,0.108413,0.108951,0.107671,0.108013,1340728,41.81334684057236,43.64948714701787,-58.18665315942764,39860999.17448884,4.821194623708089,99.08137979114166,4.36845360027828,0,0,0,43132.101563,43189.890625,42189.308594,42742.652344,20851232595,2587.044678,2592.737061,2508.432861,2528.369385,10441017520,0.999809,1.000411,0.998853,0.999188,39917312476,315.161224,315.927551,307.358765,309.085388,1206464161,97.615807,102.433739,97.055161,102.063599,3220344763
2024-01-18,0.108013,0.109538,0.107181,0.107762,1760963,40.22413574775229,42.127812249377406,-59.77586425224771,38968190.186368346,3.436294177497072,98.6049782616084,3.6143188177264105,0,0,0,42742.3125,42876.347656,40631.171875,41262.058594,25218357242,2528.593262,2546.263916,2426.135498,2467.018799,11900028080,0.999204,0.999785,0.998033,0.999205,46185843187,309.093109,315.143188,305.717163,313.292877,1105813150,102.029495,102.923141,92.140579,94.250954,2684524713
2024-01-19,0.107762,0.110279,0.107117,0.110187,3266790,55.57806762061538,45.87185006964671,-44.42193237938463,42044882.349556185,7.618154648539353,100.3443646232024,6.930952496482115,0,1,0,41278.460938,42134.160156,40297.457031,41618.40625,25752407154,2468.688965,2501.305176,2414.710938,2489.498535,11405278376,0.999408,1.0,0.998467,0.999186,46650934337,313.292877,315.640076,306.377838,314.300446,1036123822,94.250671,95.164726,87.483658,93.386169,2631067383
2024-01-20,0.110187,0.110795,0.109828,0.110079,900699,54.89426364442191,50.23215567092989,-45.105736355578095,41611764.42297914,4.4541443279404,100.81813424048148,5.660286805782189,0,0,0,41624.589844,41877.894531,41446.824219,41665.585938,11586690904,2489.847656,2489.847656,2456.095703,2469.589111,5297826161,0.999158,1.000924,0.998982,0.999311,25670327311,314.300232,316.960388,312.303619,316.960388,694855739,93.393799,94.025314,90.493752,92.569839,1204443546
2024-01-21,0.110079,0.111156,0.109251,0.109251,783670,49.65176649360517,53.37469925288085,-50.348233506394834,40828094.42297914,3.206212154132456,100.3370559494508,6.703976090714637,0,0,0,41671.488281,41855.367188,41497.007813,41545.785156,9344043642,2469.798584,2479.760498,2452.377686,2453.913086,4578471955,0.999376,1.000379,0.999156,0.999439,21953622854,316.961761,321.283813,316.222595,318.318695,723174009,92.589523,93.713783,90.848434,90.848434,894963197
2024-01-22,0.109251,0.109448,0.108094,0.109266,1051429,49.746739268076496,51.43092313536789,-50.253260731923504,41596864.51899096,2.5673278200711542,100.24784690374864,3.6826872894624425,0,0,0,41553.652344,41651.207031,39450.117188,39507.367188,31338708143,2454.987305,2463.447266,2303.502686,2310.826416,13923771728,0.999453,1.000453,0.998615,0.998853,49537774963,318.379089,319.740082,304.578217,305.437012,948987847,90.903694,91.636162,82.659767,83.62281,2662287481
2024-01-23,0.109266,0.109606,0.106283,0.106806,1271563,29.82586393088549,43.074789897522415,-70.17413606911451,40725558.78591843,-6.671560017825781,98.1977083234826,0.8964924379115141,0,0,0,39518.714844,40127.351563,38521.894531,39845.550781,29244553045,2310.95166,2348.03125,2167.282471,2240.686035,16182147521,0.998804,1.000315,0.998475,0.999247,52394904183,305.4375,311.173859,291.057281,298.4039,1065495592,83.621841,85.840187,79.066696,84.274506,2990436327
2024-01-24,0.106806,0.108567,0.106806,0.108409,922546,28.270799347471524,35.94780084881119,-71.72920065252848,41482559.90460101,-2.6525865862090625,99.61969649233356,1.7628671466521524,0,0,0,39877.59375,40483.785156,39508.796875,40077.074219,22359526178,2241.749756,2261.384521,2197.656738,2233.561768,10134722960,0.999331,1.00044,0.998877,0.999737,38440622439,298.407227,300.340973,290.85434,293.091431,960725208,84.287262,89.267723,83.418686,88.73201,2352477736
2024-01-25,0.108409,0.11213,0.108398,0.112019,1492057,54.30988894764666,37.46885074200125,-45.69011105235335,42885861.102350205,3.259496879695434,102.36496056876024,-2.116374376316187,0,0,0,40075.550781,40254.480469,39545.664063,39933.808594,18491782013,2233.969971,2240.380859,2173.686523,2217.710205,9302247037,0.999661,1.000521,0.999197,0.999717,33716145309,293.092987,296.05249,287.728149,291.919281,1086918042,88.737801,89.376823,85.273682,86.889214,1674093024
2024-01-26,0.112019,0.114896,0.112012,0.114747,978039,77.5091575091575,53.3632819347586,-22.490842490842493,43762840.594028436,5.842472766181183,104.2373442238738,3.0387112416152564,0,0,0,39936.816406,42209.386719,39825.691406,41816.871094,25598119893,2217.441895,2280.383789,2196.140137,2267.199707,9975117607,0.999573,1.000341,0.999188,0.999986,42091434921,291.939056,303.79184,290.87738,302.317993,964268733,86.88945,93.528671,86.148392,92.442368,2027305107
2024-01-27,0.114747,0.115876,0.112294,0.112397,1057718,55.98901098901095,62.60268581527174,-44.01098901098906,42765951.7140731,4.058770703526426,101.79636302473168,3.607938571020345,0,0,0,41815.625,42195.632813,41431.28125,42120.054688,11422941934,2267.319336,2282.544434,2252.385254,2267.885986,5144367230,0.999871,1.000368,0.999697,1.000047,23232564659,302.317169,307.411438,302.061432,305.824829,691653061,92.387627,94.437614,90.844765,94.163216,1256585307
2024-01-28,0.112397,0.113107,0.111931,0.112291,641206,62.629000312728,65.37572293696552,-37.370999687272,42517320.81611392,4.202780200812907,101.30191317571705,3.5770617914825777,0,0,0,42126.125,42797.175781,41696.910156,42035.59375,16858971687,2268.192871,2306.898682,2242.683838,2257.20874,7296214994,1.000119,1.000249,0.999498,1.000001,29379055847,305.774384,308.768646,303.292358,304.975616,782354766,94.1819,99.377373,93.53833,95.937981,2425625612
2024-01-29,0.112291,0.113947,0.112197,0.113,1744823,70.01980610862084,62.879272470119965,-29.980193891379155,42373746.80925677,2.552932741611996,101.45330903242274,4.617036838158374,1,0,0,42030.914063,43305.867188,41818.332031,43288.246094,20668476578,2256.995361,2320.027344,2237.71167,2317.064209,8948195551,0.999994,1.000586,0.999621,1.000125,35674653681,305.021454,310.713013,304.603577,310.708008,824640185,95.937981,101.771912,95.176132,101.566666,2604890575
2024-01-30,0.113,0.113041,0.111708,0.112176,1273355,61.43020952778059,64.69300531637651,-38.5697904722194,41994510.54894169,1.9049955032295005,100.0245847658524,4.096063547447153,0,0,0,43300.226563,43838.945313,42711.371094,42952.609375,23842814518,2317.435791,2388.870605,2298.281982,2344.493652,10173440062,1.000114,1.000323,0.999597,1.000028,41189878063,310.708008,312.962219,306.917938,307.462738,777667889,101.566666,106.213455,101.10939,101.472977,3328090833
2024-01-31,0.112176,0.113165,0.111742,0.112265,1237715,62.35796935265296,64.60266166301817,-37.64203064734704,41666598.70424739,2.7587848166149533,99.61465087242284,1.8858849047528388,0,0,0,42946.25,43717.40625,42298.945313,42582.605469,24673628793,2343.558838,2349.611328,2264.443604,2282.544434,10807883277,1.000075,1.000358,0.999111,1.000028,41189878063,307.472382,307.86499,298.960632,300.351074,814318731,101.449257,102.548065,96.103592,97.028709,3814467068
2024-02-01,0.112265,0.115425,0.111601,0.115335,1106850,94.3604711768997,72.71621668577778,-5.639528823100317,42721348.02433107,5.554335291856562,101.910349641699,4.774752677622432,0,0,0,42569.761719,43243.167969,41879.191406,43075.773438,21423953779,2282.175293,2309.842529,2243.571777,2303.824707,8895583113,1.000075,1.000358,0.998907,0.999933,37397906057,300.351074,301.883179,296.562134,300.175903,754502530,97.024841,97.944191,93.379189,97.846695,2951395444
2024-02-02,0.115335,0.117843,0.115312,0.116492,1562692,88.31314878892731,81.67719643949336,-11.686851211072709,42615769.070557855,9.06877890755201,102.70644720866144,6.62785695325443,0,0,0,43077.640625,43422.488281,42584.335938,43185.859375,18603843039,2303.706055,2323.053467,2282.230225,2308.038086,7186143091,0.999846,1.000316,0.999209,0.999714,32455547367,300.16391,304.285065,299.94278,301.154968,699579739,97.834694,102.412628,97.574158,100.440521,2574044077
2024-02-03,0.116492,0.117226,0.116343,0.117037,508166,93.02768166089965,91.9004338755756,-6.972318339100355,42906396.2846009,7.958748812367973,102.5874159149307,7.11200190361137,0,0,0,43184.964844,43359.941406,42890.808594,42992.25,11169245236,2307.980225,2327.346924,2293.538086,2296.03833,4647754021,0.999715,1.000014,0.999356,0.99981,19986631753,301.181396,303.509155,299.625061,299.736725,606345017,100.451134,101.058983,96.812576,97.879982,1349320819
2024-02-04,0.117037,0.118583,0.116802,0.118534,601460,99.60162601626024,93.64748548869576,-0.3983739837397848,43474760.78768905,5.815977646649236,103.09366221070302,10.980656517424118,0,0,0,42994.941406,43097.644531,42374.832031,42583.582031,14802225490,2296.116943,2309.01123,2272.304932,2289.546143,5438100035,0.999824,1.000153,0.999424,0.99972,22080787677,299.715668,307.409332,298.212616,304.734161,818836774,97.885063,98.457588,95.266373,95.476959,1304106726
2024-02-05,0.118534,0.119483,0.118177,0.118482,845519,92.41666666666666,95.01532478127554,-7.5833333333333455,43024162.60698461,3.254987058485191,102.35129041453943,9.291663976238134,0,0,0,42577.621094,43494.25,42264.816406,42658.667969,18715487317,2289.205566,2334.676758,2270.067871,2298.888916,7277068110,0.999737,0.999985,0.998592,0.998795,30574227480,304.718445,306.523132,299.549133,300.854034,826414727,95.471466,98.544044,94.292526,95.54866,1635327054
2024-02-06,0.118482,0.124678,0.118482,0.121206,2542694,80.57296329453892,90.86375199248864,-19.427036705461074,42717200.83939261,7.8373977953148195,103.55049301215227,8.20128728162187,0,0,0,42657.390625,43344.148438,42529.019531,43084.671875,16798476726,2298.955078,2389.826172,2296.788574,2372.201904,9520885493,0.9988,1.000043,0.998562,0.999982,31068605844,300.858368,303.572357,300.639465,302.710144,680038428,95.549614,97.790787,93.280739,96.861076,1699997346
2024-02-07,0.121206,0.12586,0.12119,0.123672,3300055,87.469934715382,86.81985489219589,-12.530065284618,42924955.90791509,10.135273530380887,104.20651982887917,7.777981123689511,0,0,0,43090.019531,44341.949219,42775.957031,44318.222656,21126587775,2372.262695,2442.63623,2353.706055,2423.745117,9660628536,0.999911,1.000152,0.999107,0.999824,36206749333,302.711609,308.478088,300.849548,307.634583,776516914,96.861893,101.236603,94.720222,100.979279,1733607189
2024-02-08,0.123672,0.126826,0.121005,0.122158,5865616,69.33990147783254,79.1275998292512,-30.660098522167456,39383014.61947668,8.10442477876106,102.09233495029136,8.68439549098286,1,0,0,44332.125,45575.839844,44332.125,45301.566406,26154524080,2424.080078,2459.556641,2414.749512,2419.906494,9941841732,0.999677,1.00037,0.999105,1.000195,41495353803,307.573547,320.407349,307.506226,318.871887,1206142745,100.995499,104.798042,100.553696,102.785637,2288429230
2024-02-09,0.122158,0.1241,0.122028,0.124025,4836186,81.60262725779967,79.47082115033811,-18.39737274220033,43869090.62912917,10.562865497076022,102.72874428775287,10.44963532251026,0,0,0,45297.382813,48152.496094,45260.824219,47147.199219,39316770844,2419.773682,2522.724609,2419.362793,2487.515625,13634203177,1.000119,1.000856,0.999291,1.00049,55541686302,318.92337,325.644592,318.202393,323.842285,1094700959,102.790176,108.987724,102.790176,106.933334,2852770180
2024-02-10,0.124025,0.124689,0.123309,0.12441,1113668,84.13136288998365,78.35796387520533,-15.868637110016351,44532449.39434658,10.818153476150185,102.15639651982964,10.097345132743364,0,0,0,47153.527344,48146.171875,46905.320313,47771.277344,16398681570,2487.650391,2516.719727,2475.857666,2501.228271,6474444159,1.000517,1.000906,1.000141,1.000318,28746535798,323.871613,325.426697,319.579956,323.133881,737748174,106.933662,110.74279,106.933662,109.13147,1836561570
2024-02-11,0.12441,0.125225,0.124205,0.124503,1128275,84.74220032840726,83.49206349206356,-15.257799671592732,44063440.96297404,7.949018077773451,101.52191842097906,10.988981600342324,0,0,0,47768.96875,48535.9375,47617.40625,48293.917969,19315867136,2501.129883,2537.679199,2495.214355,2507.570557,7347245813,1.000322,1.000882,0.999942,1.000279,31433121648,323.103516,324.768311,320.309387,320.787537,706320478,109.116676,110.55687,107.357651,107.495285,1370383843
2024-02-12,0.124503,0.125965,0.124,0.125364,1243357,90.39737274220036,86.42364532019712,-9.60262725779962,44546230.47493334,7.615973629090414,101.4110093397031,11.667928561884828,0,0,0,48296.386719,50280.476563,47745.761719,49958.222656,34511985805,2507.578857,2663.842773,2473.812012,2658.115967,13022696866,1.00027,1.001093,0.999834,1.000279,50194735130,320.804016,331.43985,315.932434,327.944611,982444950,107.49263,112.069664,103.609291,111.992752,2650731894
2024-02-13,0.125364,0.127052,0.12464,0.126667,3832354,97.50825189308138,90.88260832122972,-2.4917481069186245,47155154.71539769,8.228167160812392,101.82246419667456,9.825291542029747,0,0,0,49941.359375,50358.390625,48406.496094,49742.441406,35593051468,2659.586182,2686.455078,2599.169434,2642.185303,18271237044,1.000336,1.001108,0.9998,1.000592,57692446059,327.932404,329.20578,319.484406,324.868225,886487720,111.977249,114.810646,108.493782,112.579308,2709494768
2024-02-14,0.126667,0.129556,0.126629,0.129249,1434531,98.29016986911722,95.39859816813303,-1.709830130882772,48288762.57429759,9.039600452190935,103.2368526751075,10.950966589980432,0,0,0,49733.445313,52021.371094,49296.832031,51826.695313,39105608050,2641.685303,2786.893555,2621.025391,2777.902344,21448973822,1.000581,1.001303,0.999973,1.000932,64385254811,324.86557,334.369141,323.876587,334.245972,887463520,112.574966,118.327782,110.878471,116.976326,2391239729
2024-02-15,0.129249,0.131417,0.129242,0.130871,1738747,96.6097485253026,97.46939009583376,-3.3902514746974135,49154538.66671136,10.456440640772424,103.50337649660088,11.820193613985309,0,0,0,51836.785156,52820.066406,51371.628906,51938.554688,38564360533,2777.601318,2865.845459,2764.010498,2824.378906,23734481937,1.000898,1.00118,0.999406,1.000944,69469934488,334.210876,365.133118,333.852997,354.710815,1744161787,116.98539,118.306496,111.775879,113.699409,2471486178
2024-02-16,0.130871,0.13249,0.1308,0.132421,1044586,99.57267603889277,98.15753147777087,-0.4273239611072382,50113827.11168179,9.252842268534575,103.74511043833978,11.715625896367296,0,0,0,51937.726563,52537.96875,51641.367188,52160.203125,28180567298,2825.480713,2858.450439,2760.331055,2803.691406,17057114638,1.000988,1.001222,0.999776,1.000652,53607476361,354.687561,365.562073,351.701599,360.890381,1461675119,113.673073,114.25309,108.348724,110.445915,1921299579
2024-02-17,0.132421,0.138845,0.132421,0.136043,2307868,87.28848160413737,94.49030205611096,-12.711518395862631,50408417.983412795,10.003072643767378,105.21291146568734,14.82166067419523,0,0,0,52161.675781,52191.914063,50669.667969,51662.996094,20009091006,2803.73584,2805.128662,2724.386963,2786.672607,17932379943,1.000693,1.000876,0.999734,1.000359,45457904701,360.872955,363.281799,349.043213,352.908112,1101515839,110.443306,111.073044,106.125221,108.984016,1370606631
2024-02-18,0.136043,0.136049,0.134821,0.134987,695137,81.33346235726727,89.39820666676583,-18.666537642732735,49901217.04530204,10.501972854827349,103.20084490859564,11.369899179908586,0,0,0,51661.96875,52356.964844,51233.707031,52122.546875,17595377311,2786.709717,2892.843506,2767.913086,2878.998047,23355830478,1.000335,1.000516,0.999747,1.000237,49507723529,352.912994,358.00885,349.679962,349.679962,959954204,108.987602,114.001381,107.60672,112.174675,1516321334
2024-02-19,0.134987,0.13648,0.134979,0.136136,1597168,86.69645926435206,85.1061344085856,-13.30354073564794,50766305.37574845,9.764966740576506,102.86903561628458,10.078271557021802,0,0,0,52134.8125,52483.324219,51711.820313,51779.144531,21362184346,2881.296875,2983.370605,2860.263672,2943.574707,15163110589,1.000206,1.000356,0.999385,1.000102,49248059896,349.678284,355.69812,349.623779,351.807098,1290009052,112.178825,114.717979,111.081413,111.485329,1898655220
2024-02-20,0.136136,0.139526,0.136127,0.139491,1711263,99.81102532260674,89.28031564807539,-0.1889746773932683,52442326.12508648,12.12201591511936,103.96497863070408,14.18900112968451,0,0,0,51777.726563,52945.050781,50792.3125,52284.875,33353758256,2944.106445,3031.524414,2879.90332,3013.503662,20341598470,0.999997,1.000316,0.999194,1.00017,66817806001,351.807953,360.373627,346.074005,354.863922,1489888631,111.483444,112.036743,104.890228,108.459641,2656976089
2024-02-21,0.139491,0.139963,0.138625,0.139287,1171789,96.4342230193058,94.31390253542156,-3.565776980694218,52430065.25363654,11.87441266475506,102.7151309052754,12.305583551703284,0,0,0,52273.535156,52368.816406,50671.757813,51839.179688,28624907020,3015.65332,3017.19043,2875.418457,2970.355469,18897136867,1.000169,1.000326,0.999302,1.000014,59273333052,354.863861,379.065521,351.401245,378.537323,2264483250,108.452667,108.452667,100.412018,105.125221,2246861647
2024-02-22,0.139287,0.140109,0.139044,0.139158,1014098,94.74033515845358,96.99519450012208,-5.259664841546411,51633069.92405908,11.003158801569828,101.73186440430152,11.854352544007714,0,0,0,51854.644531,52009.613281,50926.292969,51304.972656,25413900611,2969.599854,3030.666016,2907.109375,2971.007324,18058908246,1.000119,1.000222,0.99906,0.99936,55760174038,378.713959,386.594086,374.302704,382.009766,2002118598,105.120308,106.995407,101.642403,101.669792,1830636004
2024-02-23,0.139158,0.139401,0.137931,0.138339,1019747,89.4642857142856,93.54628129734836,-10.535714285714407,51179386.564875394,9.214712592861588,100.51191510429804,11.112985229271573,1,0,0,51283.90625,51497.933594,50561.777344,50731.949219,21427078270,2970.139648,2991.32959,2906.58374,2921.658203,12822717059,0.999589,1.000113,0.999262,0.999898,49400677249,381.983124,385.457947,369.400085,375.319092,1755398357,101.674622,103.022835,98.958351,99.954697,1483285120
2024-02-24,0.138339,0.138339,0.136924,0.137112,781411,81.39549320255759,88.53337135843229,-18.604506797442408,50605615.519645736,6.083606062716159,99.51001026427927,9.371111323825028,0,0,0,50736.371094,51684.195313,50585.445313,51571.101563,15174077879,2921.962891,3003.195068,2907.700684,2992.385986,10701688842,0.999891,1.000311,0.999427,1.00006,33883854964,375.323822,383.0737,371.999146,381.742798,1088410661,99.954376,104.645393,98.585205,104.133522,1083637514
2024-02-25,0.137112,0.137521,0.137013,0.137112,1162454,81.39549320255759,84.08509070646697,-18.604506797442408,49896243.98421273,4.768818149169812,99.29125264448318,8.246030931497558,0,0,0,51565.214844,51950.027344,51306.171875,51733.238281,15413239245,2992.366699,3117.428955,2984.393066,3112.697266,14620450464,0.999939,1.000526,0.999518,0.999904,36679935803,381.742615,390.450104,378.128571,388.551727,1324081579,104.132668,104.329941,102.171028,103.453491,909662462
2024-02-26,0.137112,0.139696,0.137109,0.139696,991952,97.33014415928616,86.70704352146714,-2.6698558407138417,50888195.98421273,5.493841611224787,100.79128422636688,8.082847836346883,0,0,0,51730.539063,54938.175781,50931.03125,54522.402344,34074411896,3112.529053,3197.375,3037.95459,3178.993652,17504464351,1.000014,1.000996,0.999537,1.000718,62980327478,388.535004,404.440094,382.256866,401.64389,2011146388,103.450706,110.580353,100.4552,109.918533,2334408023
2024-02-27,0.139696,0.142824,0.139535,0.142624,1371401,98.7650509416486,92.49689610116415,-1.2349490583513771,52092810.60537417,4.837441103180614,102.57261683625664,8.980599216021895,0,0,0,54519.363281,57537.839844,54484.199219,57085.371094,49756832031,3178.405029,3287.958008,3167.830566,3244.519287,21090315368,1.00073,1.001197,0.999352,1.000354,81780866102,401.64389,403.740051,390.917877,394.995636,1750697179,109.918785,112.204712,105.896935,108.388084,2723995106
2024-02-28,0.142624,0.143735,0.141665,0.142185,1899973,89.30518181190924,95.13345897094804,-10.69481818809077,51147413.41213745,5.332365338884493,101.95333867362682,7.37345285113388,0,0,0,57071.097656,63913.132813,56738.425781,62504.789063,83239156760,3243.893311,3485.450928,3201.575928,3385.703857,32885894265,1.000489,1.001576,0.999024,1.001061,128007189181,394.951721,427.046814,394.661072,415.771606,2323818531,108.399239,118.0522,107.460876,118.0522,5029492553
2024-02-29,0.142185,0.143256,0.140837,0.1409,1856108,78.08272129880167,88.71765135078654,-21.917278701198327,49387985.69655251,3.4994417347358455,100.8519706166255,3.5701947178465634,0,0,0,62499.183594,63585.644531,60498.730469,61198.382813,65496611844,3386.802734,3518.969238,3303.905273,3341.919678,28469171094,1.001135,1.001234,0.998971,1.000402,111968615893,415.583618,419.779022,392.379883,399.778717,2058367303,118.238747,134.465698,117.667519,125.711517,6950123902
2024-03-01,0.1409,0.141248,0.140609,0.14115,757224,77.1522008131518,81.51336797462095,-22.847799186848206,49912946.93598909,1.1893240424113338,100.74134947832285,4.565624837947359,0,0,0,61168.0625,63155.101563,60802.527344,62440.632813,40186368423,3341.96582,3452.626221,3341.851074,3435.053955,16880101987,1.000388,1.001421,0.999607,1.000678,76389482142,399.672424,408.552795,399.478302,407.81076,1527194519,125.636703,137.601868,125.636703,129.990402,4743077738
2024-03-02,0.14115,0.141351,0.140614,0.141036,939480,69.72178595467797,74.98556935554386,-30.278214045322027,50049343.62526995,1.255680716793384,100.25885977802444,3.5993418346359434,0,0,0,62431.652344,62458.699219,61657.289063,62029.847656,23888473685,3436.15918,3459.747314,3398.898926,3422.049805,12024340617,1.000784,1.001447,0.999925,1.000606,67653795192,407.80484,414.845154,406.541656,410.98587,1520439801,129.982315,131.454865,127.680885,129.70018,2741772676
2024-03-03,0.141036,0.141179,0.13974,0.14063,1206007,64.53860210141626,70.47086295641537,-35.46139789858373,50335131.24653473,1.057790425271994,99.61435751719505,0.8165401352058563,0,0,0,62031.578125,63230.210938,61435.023438,63167.371094,26253811450,3422.875244,3491.168457,3372.214111,3490.993652,13643324467,1.000638,1.001058,0.999863,1.000451,70762304723,410.977814,416.625702,405.085327,414.381073,1810575392,129.793381,132.062744,125.769325,130.450867,2875614168
2024-03-04,0.14063,0.141525,0.1395,0.140447,3381174,56.78233438485789,63.68090748031741,-43.21766561514211,50116398.50875687,1.5237930012505505,99.4091844865173,0.832812825317506,0,0,0,63137.003906,68537.03125,62386.519531,68330.414063,70670471105,3489.340088,3641.459229,3446.017578,3630.433838,26772963830,1.000466,1.002101,0.999662,1.001291,123818816561,414.414032,423.800568,411.476532,419.035431,2111212949,130.423233,134.874176,127.798141,133.19458,4429758300
2024-03-05,0.140447,0.140874,0.135349,0.135817,2330052,5.580729787741426,42.3005554246719,-94.41927021225858,48181084.72993334,-0.9444833420853158,96.7982976383805,-2.4008680780120515,0,0,0,68341.054688,69170.625,59323.910156,63801.199219,102802940877,3631.928955,3828.159668,3224.119385,3554.9646,47706899137,1.001288,1.002133,0.998652,1.001308,189867087465,419.016449,427.082886,363.220642,394.661743,3319029162,133.159363,142.65094,109.538757,125.706711,8980294607
2024-03-06,0.135817,0.138192,0.135797,0.137566,1930256,26.43691867398039,29.599994282193276,-73.56308132601961,49102288.324087806,0.3311161678044096,98.50810089755367,-0.558772291255536,0,0,0,63776.050781,67637.929688,62848.671875,66106.804688,68750229073,3554.067871,3901.434326,3502.80249,3819.226318,34938642613,1.001128,1.002498,0.999557,1.000445,128487768220,394.664948,433.425507,386.229523,429.011963,3281109608,125.699211,134.810623,120.317337,130.74202,5146680159
2024-03-07,0.137566,0.13804,0.136972,0.137725,1179184,28.33293584545657,20.116861435726168,-71.66706415454343,49585886.25667205,-1.410920856717444,98.9433183048346,0.447079759612561,0,0,0,66099.742188,68029.921875,65655.53125,66925.484375,46989543159,3818.311035,3939.593994,3738.685303,3874.347656,22457177587,1.000461,1.002349,0.999352,1.001401,95225950701,429.011963,477.207184,423.787018,475.290649,3328990543,130.74202,149.224731,130.701752,143.977859,7111178325
2024-03-08,0.137725,0.138171,0.136598,0.136825,1375838,17.60076317672316,24.123539232053417,-82.39923682327684,48607143.267479435,-4.065935606910477,98.7350084428986,-0.2093179298675604,0,0,0,66938.09375,70083.054688,66230.453125,68300.09375,59202881172,3874.830811,3998.826416,3828.363281,3892.061035,26135487051,1.001466,1.003619,0.9997,1.00219,108030960578,475.27771,489.578552,464.833862,488.094177,3644157779,143.97728,152.417923,142.536148,145.240036,5474659974
2024-03-09,0.136825,0.137592,0.135775,0.135815,1672909,5.556880515144216,17.163526512441354,-94.4431194848558,47007890.13979641,-4.480078770615757,98.5365221672324,-2.778175466727749,0,0,0,68299.257813,68673.054688,68053.125,68498.882813,21609650379,3892.119141,3950.396484,3880.658936,3915.418945,11926623780,1.002188,1.002911,1.001259,1.002153,63272520530,488.092712,494.075958,482.640625,489.561829,2314944823,145.240326,149.351288,144.290375,144.607254,2946261381
2024-03-10,0.135815,0.136497,0.134053,0.134166,1407279,1.167114232596592,8.108252641488027,-98.8328857674034,45730744.14061475,-4.779276082327885,97.9966839218207,-5.930278214045318,0,0,0,68500.257813,70005.203125,68239.976563,69019.789063,35683977532,3915.590576,3968.723633,3800.564453,3881.193115,15783924355,1.002174,1.002701,1.00044,1.000994,77540921867,489.540924,537.415283,486.835541,529.374756,4507153439,144.60733,148.671921,140.839996,144.515182,3407621981
2024-03-11,0.134166,0.134357,0.131885,0.133294,1997403,11.890295358649736,6.204763368796885,-88.10970464135028,46010315.91974095,-5.565710237336169,98.09189998402032,-6.253120933994451,0,0,0,69020.546875,72850.710938,67194.882813,72123.90625,65716656765,3881.237793,4087.050049,3745.125244,4066.445068,28806262507,1.00098,1.001731,0.99909,1.000275,118434243798,529.447449,532.789673,509.983917,522.718018,3950105375,144.514481,150.017975,137.63298,148.750961,5383624184
2024-03-12,0.133294,0.133657,0.130908,0.131266,1471619,2.7909877601933193,5.282799117146587,-97.20901223980668,44921992.37408798,-6.92730933945943,97.06387846918156,-6.837473385379704,1,0,0,72125.125,72825.65625,68728.851563,71481.289063,62554434520,4066.69043,4092.28418,3831.889893,3980.273193,26917010932,1.000268,1.001101,0.998562,1.000092,115805937864,522.718994,547.018311,521.91394,537.865723,4381078189,148.74968,154.942291,142.870148,151.015442,6413617983
2024-03-13,0.131266,0.132368,0.131239,0.132329,949192,11.507936507936556,8.729739875593241,-88.49206349206345,45805606.89313137,-5.902723458721469,98.3942342418899,-6.249380092100599,0,0,0,71482.117188,73637.476563,71334.09375,73083.5,48212536929,3980.265137,4083.007324,3936.627197,4006.457031,22028114691,1.000153,1.00155,0.99903,1.000517,95338044782,537.865723,631.168396,532.045898,630.56134,5717769152,151.015442,166.448761,148.945618,163.839813,5917471836
2024-03-14,0.132329,0.132425,0.128063,0.128691,1841982,4.664982914871413,6.321302394333801,-95.33501708512858,44494007.605648555,-8.370417310444502,96.61631556029369,-8.7530843188973,0,0,0,73079.375,73750.070313,68563.023438,71396.59375,59594605698,4005.745117,4011.102783,3721.788574,3883.140381,25434810823,1.000489,1.000943,0.998255,0.999679,116520409213,630.56134,630.956238,569.206909,602.988708,4918366892,163.839935,177.892624,160.233551,176.679749,8399967972
2024-03-15,0.128691,0.128925,0.125348,0.126019,1750265,4.147864251715423,6.773594558174502,-95.85213574828458,43400397.79994545,-7.214118998358086,95.71963367260577,-10.389675033776586,0,0,0,71387.875,72357.132813,65630.695313,69403.773438,78320453976,3882.856934,3928.775635,3571.774658,3735.220215,33505075433,0.999598,1.002537,0.998466,1.000124,145040404215,602.96759,634.200806,547.703979,632.802795,5849156503,176.679749,188.501358,165.41272,182.964691,14093348410
2024-03-16,0.126019,0.126984,0.124742,0.124793,1170540,0.3038789251027556,3.0389086972299015,-99.69612107489723,42283111.626885675,-9.284997746536202,95.93578882399584,-11.145841491808287,0,0,0,69392.484375,70046.273438,64801.394531,65315.117188,46842198371,3736.10498,3780.894531,3468.079346,3522.860107,20199855932,1.000166,1.001016,0.998704,0.999244,101796439885,632.802795,641.48114,571.286865,576.775208,3952760767,182.967514,197.655991,177.461273,181.880341,11794134069
2024-03-17,0.124793,0.126101,0.124375,0.125981,1814790,9.36443148688052,4.60539155456627,-90.63556851311948,43845555.3928185,-8.527137411508425,97.72754725595732,-7.242097822805675,0,0,0,65316.34375,68845.71875,64545.316406,68390.625,44716864318,3523.029785,3676.263428,3414.172363,3642.413086,19938757095,0.999299,1.00041,0.998337,0.999371,90407787768,576.775208,589.635681,550.14325,571.085571,3512190982,181.880341,204.292542,179.225601,202.123566,10876218562
2024-03-18,0.125981,0.126318,0.123234,0.12371,2088229,2.6984126984127217,4.122241036798703,-97.30158730158728,42401941.829913184,-9.585236616115475,96.99604273798175,-10.072256226102375,0,0,0,68371.304688,68897.132813,66594.226563,67548.59375,49261579492,3642.298828,3642.49707,3456.091309,3517.985107,21162220224,0.999466,1.000655,0.998866,0.999916,98373958984,571.085571,586.514954,540.846313,554.557129,3982384372,202.122604,209.69606,194.849411,195.992752,11137647410
2024-03-19,0.12371,0.123992,0.110718,0.112409,22269148,6.154910096818801,6.072584760704053,-93.8450899031812,25806611.70967813,-17.233737068806832,90.037096707753,-18.38155745144309,0,0,0,67556.132813,68106.929688,61536.179688,61912.773438,74215844794,3518.347656,3546.582275,3149.286865,3157.618164,34166976701,0.999905,1.001204,0.998457,0.99948,137581151030,554.557129,559.860413,498.562347,507.076569,4346763421,195.992752,198.241074,166.176743,170.016281,11658593922
2024-03-20,0.112409,0.12081,0.110714,0.120802,27715523,36.741086061842175,15.198136285691271,-63.25891393815782,53478211.53535169,-9.960794836247636,98.0530029394542,-11.71057920701626,0,1,0,61930.15625,68115.257813,60807.785156,67913.671875,66792634382,3158.396729,3534.826416,3059.654785,3513.393066,36605316331,0.999667,1.001319,0.998953,1.000259,122985298758,507.086456,558.946472,501.116852,556.7005,3177352364,170.016281,192.911819,163.296265,191.549622,8673957460
2024-03-21,0.120802,0.121658,0.12058,0.12091,1598162,37.13442837891978,26.676808179193625,-62.86557162108022,52858516.06596393,-9.29074076852671,99.03419515482832,-10.974487354121406,0,0,0,67911.585938,68199.992188,64580.917969,65491.390625,44480350565,3514.017578,3586.905029,3412.222656,3492.991211,22213647922,1.000199,1.001462,0.999305,0.999805,87543595572,556.7005,570.053223,541.65509,553.24823,2595135487,191.549622,195.306122,176.283325,179.220749,5613811275
2024-03-22,0.12091,0.12117,0.115284,0.116789,6605095,22.60212813453382,32.159214191765294,-77.39787186546619,49631153.983055346,-11.028750780857184,96.70319401367884,-12.951865599332171,0,1,0,65489.929688,66623.75,62355.371094,63778.761719,41401116964,3492.897949,3541.898193,3254.969238,3333.687988,20574952329,0.9998,1.001175,0.999114,1.000266,81269693027,553.24823,587.731445,535.972656,551.778564,2949959002,179.239807,181.323242,167.877853,174.363708,4150938142
2024-03-23,0.116789,0.119669,0.115157,0.11888,14385683,31.672031959042755,30.469529490832155,-68.32796804095724,58985673.91257664,-10.163305095632856,99.12791355611382,-10.813690038561372,0,0,0,63802.722656,65976.398438,63038.492188,64062.203125,24738964812,3335.592529,3433.758057,3273.115479,3336.593994,13242137554,1.000205,1.000834,0.999689,1.000303,53727479558,551.778564,567.544678,544.921265,551.879517,1962524597,174.363708,178.80011,171.016968,172.902252,2711581881
2024-03-24,0.11888,0.120349,0.11527,0.119982,10050964,39.19976314342512,31.15797441233393,-60.80023685657489,67584106.39534886,-6.767373009767579,100.76690318447189,-8.596285405207738,0,0,0,64070.753906,67622.757813,63825.851563,67234.171875,27206630673,3336.666016,3470.344482,3301.277344,3454.636475,12156660941,1.00035,1.000912,0.9996,0.999984,53627981617,551.879517,572.48822,549.526306,567.994812,1745465728,172.897873,186.629425,171.673721,183.573456,2661231893
2024-03-25,0.119982,0.120688,0.113337,0.120681,12655973,43.4424443185285,38.1047464736655,-56.5575556814715,80215976.05947617,-4.235869194327837,101.72363758093476,-8.802303349983756,1,1,0,67234.09375,71162.59375,66414.835938,69958.8125,42700139523,3454.885742,3657.118896,3421.790527,3590.883789,18603921705,1.000029,1.001277,0.999009,1.000223,81204666738,567.994812,597.66217,565.137878,587.427612,2490221265,183.573456,194.430267,181.25235,189.083542,4066489821
2024-03-26,0.120681,0.121967,0.120557,0.121094,1039856,47.809865966560714,43.48402447617148,-52.190134033439286,79968180.58713573,-2.964108563781629,101.01532763383376,-5.903287720197999,0,0,0,69931.328125,71535.742188,69335.609375,69987.835938,36010437368,3591.085205,3678.789795,3545.428711,3587.504883,18505553577,1.000161,1.000826,0.999043,1.000019,77399464621,587.427612,597.013,572.8078,580.150513,2086911757,189.083389,196.293045,186.752823,190.69986,3520179571
2024-03-27,0.121094,0.121387,0.11934,0.119534,1292384,40.62456819123947,43.95895949210961,-59.37543180876053,78920762.38684262,-5.117438343877258,99.86489550884984,-5.146049405248408,1,0,0,69991.898438,71727.6875,68381.929688,69455.34375,40827113309,3587.313721,3664.383057,3460.393555,3500.115234,18753082145,0.999961,1.000374,0.999055,0.999647,83797223894,580.159302,584.986755,565.511658,574.511597,1983797879,190.699982,192.496582,180.420441,186.361465,3844985014
2024-03-28,0.119534,0.120466,0.119114,0.120328,1000384,52.7922684092032,47.075567522334495,-47.2077315907968,79716925.98447576,-2.7338129496402845,100.59812155435168,-3.5779250438726504,1,0,0,69452.773438,71546.023438,68895.507813,70744.953125,34374900617,3500.216064,3609.705322,3465.332275,3561.293945,16419674157,0.999622,1.000571,0.999135,1.0001,73312354659,574.511597,591.314636,574.201782,583.270874,1986567688,186.361465,190.883469,180.99762,189.621628,2910414256
2024-03-29,0.120328,0.120766,0.119887,0.120045,1215350,57.35095267363238,50.255929758025054,-42.64904732636762,78938493.6181504,6.793050378528413,99.97275573914035,-4.711821623895675,0,0,0,70744.796875,70913.09375,69076.65625,69892.828125,25230851763,3561.011719,3583.701416,3475.725586,3511.806152,12712701619,1.000137,1.000716,0.999532,1.00049,61237744035,583.286743,619.972595,582.46936,612.657959,2788931743,189.621628,192.969818,183.646164,192.227951,3031009580
2024-03-30,0.120045,0.122524,0.119906,0.122426,1278125,75.05767751858487,61.73363286714019,-24.942322481415143,80120930.1154766,1.3443486034999308,101.5273252852184,-1.037911244038483,0,0,0,69893.445313,70355.492188,69601.0625,69645.304688,17130241883,3511.827637,3566.084473,3489.9021,3507.944336,9389066783,1.000502,1.001078,0.999962,1.000431,46808102783,612.660156,612.994934,597.629822,601.016357,1750650703,192.227859,199.730942,191.216782,194.385544,2999311846
2024-03-31,0.122426,0.12305,0.122123,0.122847,1485924,77.75570366572664,70.054777952648,-22.24429633427335,80956061.07987787,1.6020180299396198,101.53184053462108,9.285733348753215,0,0,0,69647.78125,71377.78125,69624.867188,71333.648438,20050941373,3507.95166,3655.218994,3507.242676,3647.856445,10499881424,1.000462,1.001348,0.999726,1.00004,45354730502,601.005127,608.664246,600.879272,606.90863,1456592924,194.375793,203.026794,194.035324,202.87413,2342185476
2024-04-01,0.122847,0.123309,0.120275,0.1207,3102253,75.20710950444341,76.006830229585,-24.792890495556588,78722929.71797937,3.348774285249465,99.75512825659348,-0.0844356881508624,0,1,0,71333.484375,71342.09375,68110.695313,69702.148438,34873527352,3647.81958,3648.12915,3418.695313,3505.030029,16002098681,1.000034,1.001713,0.999734,1.000412,75369785257,606.908691,607.645569,570.053162,576.396667,2020241864,202.874435,204.179764,187.488892,192.567825,3872515434
2024-04-02,0.1207,0.120708,0.116265,0.116474,1730373,45.73243350535919,66.23174889184311,-54.26756649464081,77155351.20683825,-2.0238896366083488,96.79042302879786,-3.668844595153427,0,2,0,69705.023438,69708.382813,64586.59375,65446.972656,50705240709,3504.818359,3506.962891,3215.985107,3277.234619,22076539151,1.000435,1.001159,0.998963,1.000226,96522021189,576.376587,578.132996,546.868164,550.681458,2480273065,192.567825,192.569427,176.13208,181.172256,4553269015
2024-04-03,0.116474,0.118229,0.115954,0.116856,4064856,35.28880866425998,52.07611722468757,-64.71119133574001,76313792.0085965,-2.605390808621296,97.41757535049234,0.0573684165460767,1,1,0,65446.671875,66914.320313,64559.898438,65980.8125,34488018367,3277.324219,3368.111572,3205.64917,3311.441895,16010734587,1.000236,1.000863,0.999599,1.000318,72294081106,550.681458,567.997986,540.246826,562.019653,2096610785,181.172729,191.692673,177.395508,185.248611,4160370221
2024-04-04,0.116856,0.119249,0.116577,0.118966,2135886,56.44805455274773,45.823098907455666,-43.551945447252265,77997241.07895578,-1.4211019133086356,99.33771832511444,0.0723418573351301,1,0,1,65975.695313,69291.257813,65113.796875,68508.84375,34439527442,3311.495361,3443.20752,3253.319336,3330.040527,14476330517,1.000254,1.000834,0.998912,1.000383,68789308326,562.019653,597.835327,561.349121,585.441528,2340488273,185.248611,190.069687,180.512299,183.958115,4101220964
2024-04-05,0.118966,0.119212,0.117597,0.117674,1295834,43.49177697553153,45.07621339751312,-56.50822302446847,76824972.67400223,-2.824252233801834,98.53757971536338,-1.9236218766148296,0,2,0,68515.757813,68725.757813,66011.476563,67837.640625,33748230056,3330.005859,3345.666504,3214.244141,3318.885254,15214447092,1.000372,1.001,0.999386,1.000274,64371464433,585.483215,591.332703,565.750977,578.966919,1983792648,183.958115,184.977783,168.236069,174.501511,7398400404
2024-04-06,0.117674,0.119534,0.117661,0.119534,1028938,62.14400320898518,54.027944912421525,-37.85599679101482,77853910.67400223,0.0,100.44258994947488,-0.9504395886676404,1,0,0,67840.570313,69629.601563,67491.71875,68896.109375,19967785809,3318.864746,3397.592529,3308.983398,3354.183838,8956926798,1.000301,1.000715,0.999646,1.000224,41022568112,578.966919,590.602234,575.917542,585.966797,1328988130,174.501511,179.697525,173.874313,178.915344,4672922789
2024-04-07,0.119534,0.120704,0.119486,0.120525,628159,72.08182912154025,59.239203102019026,-27.91817087845975,78297438.37515165,0.1637191676085274,101.55839028130713,-0.4698829008869144,0,0,0,68897.109375,70284.429688,68851.632813,69362.554688,21204930369,3354.213867,3458.508301,3346.114746,3453.494629,9931108526,1.000225,1.000658,0.999456,0.999924,45028594985,585.966797,590.885925,578.719116,584.102173,1374676397,178.915344,182.538208,177.065796,179.649857,1854793003
2024-04-08,0.120525,0.123426,0.120478,0.123325,1936998,98.64828693790164,77.62470642280907,-1.3517130620983684,80101711.2747446,2.732308717564251,103.59043095731226,3.1714825907273267,1,1,0,69362.554688,72715.359375,69064.242188,71631.359375,37261432669,3453.498779,3727.616455,3409.511719,3695.292725,19055143129,0.999931,1.000987,0.999388,1.000166,69769294376,584.102173,600.892883,577.983337,586.90094,1739232272,179.650696,184.302872,175.589981,180.784775,2744377905
2024-04-09,0.123325,0.123374,0.120709,0.121022,1220828,67.82655246252688,79.51888950732297,-32.17344753747312,79167651.87812172,-1.146815218989421,101.1041864084344,0.5767568645701749,0,1,1,71632.5,71742.507813,68212.921875,69139.015625,36426900409,3695.341797,3724.922363,3455.107666,3505.16333,18279773833,1.000169,1.000952,0.99928,0.999763,70338237086,586.90094,589.666748,574.14032,580.830322,1988165022,180.77951,180.825684,169.367767,172.41362,2688188866
